sim_time,px,py,pz,vx,vy,vz,phi,theta,psi,p,q,r,ref_px,ref_py,ref_pz,ref_vx,ref_vy,ref_vz,u_thrust,u_roll,u_pitch,u_yaw,m1,m2,m3,m4,pos_error,vel_error,att_error,err_x,err_y,err_z,solve_time_ms
0.64,0.0,0.0,0.019991440248469907,0.0,0.0,6.4662111628505715e-06,0.0,0.0,0.0,0.0,0.0,0.0,0.0,0.0,0.5,0.0,0.0,0.0,-0.02,0.0,0.0,0.0,51.60688405797102,51.60688405797102,51.60688405797102,51.60688405797102,0.4800085597515301,6.4662111628505715e-06,0.0,0.0,0.0,-0.4800085597515301,0.11766600073315203
0.648,0.0,0.0,0.01999149531606401,0.0,0.0,6.549658782848737e-06,0.0,0.0,0.0,0.0,0.0,0.0,0.0,0.0,0.5,0.0,0.0,0.0,-0.02,0.0,0.0,0.0,51.60688405797102,51.60688405797102,51.60688405797102,51.60688405797102,0.48000850468393597,6.549658782848737e-06,0.0,0.0,0.0,-0.48000850468393597,0.11430700396886095
0.656,0.0,0.0,0.01999155111746114,0.0,0.0,6.634761954566204e-06,0.0,0.0,0.0,0.0,0.0,0.0,0.0,0.0,0.5,0.0,0.0,0.0,-0.02,0.0,0.0,0.0,51.60688405797102,51.60688405797102,51.60688405797102,51.60688405797102,0.48000844888253885,6.634761954566204e-06,0.0,0.0,0.0,-0.48000844888253885,0.05174300167709589
0.664,0.0,0.0,0.01999160765335728,0.0,0.0,6.7212069671090475e-06,0.0,0.0,0.0,0.0,0.0,0.0,0.0,0.0,0.5,0.0,0.0,0.0,-0.02,0.0,0.0,0.0,51.60688405797102,51.60688405797102,51.60688405797102,51.60688405797102,0.4800083923466427,6.7212069671090475e-06,0.0,0.0,0.0,-0.4800083923466427,0.036922996514476836
0.672,0.0,0.0,0.01999166492430909,0.0,0.0,6.808739368957806e-06,0.0,0.0,0.0,0.0,0.0,0.0,0.0,0.0,0.5,0.0,0.0,0.0,-0.02,0.0,0.0,0.0,51.60688405797102,51.60688405797102,51.60688405797102,51.60688405797102,0.4800083350756909,6.808739368957806e-06,0.0,0.0,0.0,-0.4800083350756909,0.0348819958162494
0.68,0.0,0.0,0.019991722930761815,0.0,0.0,6.897152813277952e-06,0.0,0.0,0.0,0.0,0.0,0.0,0.0,0.0,0.5,0.0,0.0,0.0,-0.02,0.0,0.0,0.0,51.60688405797102,51.60688405797102,51.60688405797102,51.60688405797102,0.4800082770692382,6.897152813277952e-06,0.0,0.0,0.0,-0.4800082770692382,0.06834799569332972
0.6880000000000001,0.0,0.0,0.019991781673071567,0.0,0.0,6.986279994436296e-06,0.0,0.0,0.0,0.0,0.0,0.0,0.0,0.0,0.5,0.0,0.0,0.0,-0.02,0.0,0.0,0.0,51.60688405797102,51.60688405797102,51.60688405797102,51.60688405797102,0.4800082183269284,6.986279994436296e-06,0.0,0.0,0.0,-0.4800082183269284,0.04948100104229525
0.6960000000000001,0.0,0.0,0.01999184115152318,0.0,0.0,7.07598528584486e-06,0.0,0.0,0.0,0.0,0.0,0.0,0.0,0.0,0.5,0.0,0.0,0.0,-0.02,0.0,0.0,0.0,51.60688405797102,51.60688405797102,51.60688405797102,51.60688405797102,0.4800081588484768,7.07598528584486e-06,0.0,0.0,0.0,-0.4800081588484768,0.03290900349384174
0.704,0.0,0.0,0.01999190136634447,0.0,0.0,7.166158760984472e-06,0.0,0.0,0.0,0.0,0.0,0.0,0.0,0.0,0.5,0.0,0.0,0.0,-0.02,0.0,0.0,0.0,51.60688405797102,51.60688405797102,51.60688405797102,51.60688405797102,0.4800080986336555,7.166158760984472e-06,0.0,0.0,0.0,-0.4800080986336555,0.023624997993465513
0.712,0.0,0.0,0.019991962317717663,0.0,0.0,7.256711338579465e-06,0.0,0.0,0.0,0.0,0.0,0.0,0.0,0.0,0.5,0.0,0.0,0.0,-0.02,0.0,0.0,0.0,51.60688405797102,51.60688405797102,51.60688405797102,51.60688405797102,0.48000803768228234,7.256711338579465e-06,0.0,0.0,0.0,-0.48000803768228234,0.02430099993944168
0.72,0.0,0.0,0.019992024005788495,0.0,0.0,7.347570841665237e-06,0.0,0.0,0.0,0.0,0.0,0.0,0.0,0.0,0.5,0.0,0.0,0.0,-0.02,0.0,0.0,0.0,51.60688405797102,51.60688405797102,51.60688405797102,51.60688405797102,0.4800079759942115,7.347570841665237e-06,0.0,0.0,0.0,-0.4800079759942115,0.022182997781783342
0.728,0.0,0.0,0.019992086430673538,0.0,0.0,7.438678799392335e-06,0.0,0.0,0.0,0.0,0.0,0.0,0.0,0.0,0.5,0.0,0.0,0.0,-0.02,0.0,0.0,0.0,51.60688405797102,51.60688405797102,51.60688405797102,51.60688405797102,0.4800079135693265,7.438678799392335e-06,0.0,0.0,0.0,-0.4800079135693265,0.022908003302291036
0.736,0.0,0.0,0.019992149592466025,0.0,0.0,7.529987851693692e-06,0.0,0.0,0.0,0.0,0.0,0.0,0.0,0.0,0.5,0.0,0.0,0.0,-0.02,0.0,0.0,0.0,51.60688405797102,51.60688405797102,51.60688405797102,51.60688405797102,0.48000785040753396,7.529987851693692e-06,0.0,0.0,0.0,-0.48000785040753396,0.022769003408029675
0.744,0.0,0.0,0.019992213491240533,0.0,0.0,7.6214596440485125e-06,0.0,0.0,0.0,0.0,0.0,0.0,0.0,0.0,0.5,0.0,0.0,0.0,-0.02,0.0,0.0,0.0,51.60688405797102,51.60688405797102,51.60688405797102,51.60688405797102,0.48000778650875947,7.6214596440485125e-06,0.0,0.0,0.0,-0.48000778650875947,0.026395005988888443
0.752,0.0,0.0,0.019992278127056704,0.0,0.0,7.713063119527668e-06,0.0,0.0,0.0,0.0,0.0,0.0,0.0,0.0,0.5,0.0,0.0,0.0,-0.02,0.0,0.0,0.0,51.60688405797102,51.60688405797102,51.60688405797102,51.60688405797102,0.48000772187294327,7.713063119527668e-06,0.0,0.0,0.0,-0.48000772187294327,0.029485003324225545
0.76,0.0,0.0,0.019992343499962248,0.0,0.0,7.804773134215416e-06,0.0,0.0,0.0,0.0,0.0,0.0,0.0,0.0,0.5,0.0,0.0,0.0,-0.02,0.0,0.0,0.0,51.60688405797102,51.60688405797102,51.60688405797102,51.60688405797102,0.48000765650003774,7.804773134215416e-06,0.0,0.0,0.0,-0.48000765650003774,0.024098997528199106
0.768,0.0,0.0,0.01999240960999532,0.0,0.0,7.89656933419448e-06,0.0,0.0,0.0,0.0,0.0,0.0,0.0,0.0,0.5,0.0,0.0,0.0,-0.02,0.0,0.0,0.0,51.60688405797102,51.60688405797102,51.60688405797102,51.60688405797102,0.4800075903900047,7.89656933419448e-06,0.0,0.0,0.0,-0.4800075903900047,0.023339998733717948
0.776,0.0,0.0,0.019992476457186444,0.0,0.0,7.988435245424714e-06,0.0,0.0,0.0,0.0,0.0,0.0,0.0,0.0,0.5,0.0,0.0,0.0,-0.02,0.0,0.0,0.0,51.60688405797102,51.60688405797102,51.60688405797102,51.60688405797102,0.48000752354281356,7.988435245424714e-06,0.0,0.0,0.0,-0.48000752354281356,0.03317800292279571
0.784,0.0,0.0,0.019992544041560027,0.0,0.0,8.080357535931605e-06,0.0,0.0,0.0,0.0,0.0,0.0,0.0,0.0,0.5,0.0,0.0,0.0,-0.02,0.0,0.0,0.0,51.60688405797102,51.60688405797102,51.60688405797102,51.60688405797102,0.48000745595843997,8.080357535931605e-06,0.0,0.0,0.0,-0.48000745595843997,0.02681800106074661
0.792,0.0,0.0,0.019992612363135598,0.0,0.0,8.172325418011008e-06,0.0,0.0,0.0,0.0,0.0,0.0,0.0,0.0,0.5,0.0,0.0,0.0,-0.02,0.0,0.0,0.0,51.60688405797102,51.60688405797102,51.60688405797102,51.60688405797102,0.4800073876368644,8.172325418011008e-06,0.0,0.0,0.0,-0.4800073876368644,0.02298400067957118
0.8,0.0,0.0,0.019992681421928768,0.0,0.0,8.264330163661202e-06,0.0,0.0,0.0,0.0,0.0,0.0,0.0,0.0,0.5,0.0,0.0,0.0,-0.02,0.0,0.0,0.0,51.60688405797102,51.60688405797102,51.60688405797102,51.60688405797102,0.4800073185780712,8.264330163661202e-06,0.0,0.0,0.0,-0.4800073185780712,0.056523000239394605
0.808,0.0,0.0,0.019992751217952028,0.0,0.0,8.356364712418255e-06,0.0,0.0,0.0,0.0,0.0,0.0,0.0,0.0,0.5,0.0,0.0,0.0,-0.02,0.0,0.0,0.0,51.60688405797102,51.60688405797102,51.60688405797102,51.60688405797102,0.480007248782048,8.356364712418255e-06,0.0,0.0,0.0,-0.480007248782048,0.06173199653858319
0.8160000000000001,0.0,0.0,0.01999282175121537,0.0,0.0,8.448423353460975e-06,0.0,0.0,0.0,0.0,0.0,0.0,0.0,0.0,0.5,0.0,0.0,0.0,-0.02,0.0,0.0,0.0,51.60688405797102,51.60688405797102,51.60688405797102,51.60688405797102,0.48000717824878464,8.448423353460975e-06,0.0,0.0,0.0,-0.48000717824878464,0.10807600483531132
0.8240000000000001,0.0,0.0,0.019992893021726785,0.0,0.0,8.540501468172374e-06,0.0,0.0,0.0,0.0,0.0,0.0,0.0,0.0,0.5,0.0,0.0,0.0,-0.02,0.0,0.0,0.0,51.60688405797102,51.60688405797102,51.60688405797102,51.60688405797102,0.4800071069782732,8.540501468172374e-06,0.0,0.0,0.0,-0.4800071069782732,0.059815996792167425
0.8320000000000001,0.0,0.0,0.01999296502949266,0.0,0.0,8.632595321413276e-06,0.0,0.0,0.0,0.0,0.0,0.0,0.0,0.0,0.5,0.0,0.0,0.0,-0.02,0.0,0.0,0.0,51.60688405797102,51.60688405797102,51.60688405797102,51.60688405797102,0.48000703497050734,8.632595321413276e-06,0.0,0.0,0.0,-0.48000703497050734,0.06386000313796103
0.84,0.0,0.0,0.01999303777451811,0.0,0.0,8.724701893413662e-06,0.0,0.0,0.0,0.0,0.0,0.0,0.0,0.0,0.5,0.0,0.0,0.0,-0.02,0.0,0.0,0.0,51.60688405797102,51.60688405797102,51.60688405797102,51.60688405797102,0.4800069622254819,8.724701893413662e-06,0.0,0.0,0.0,-0.4800069622254819,0.053546995331998914
0.848,0.0,0.0,0.019993111256807226,0.0,0.0,8.816818742596796e-06,0.0,0.0,0.0,0.0,0.0,0.0,0.0,0.0,0.5,0.0,0.0,0.0,-0.02,0.0,0.0,0.0,51.60688405797102,51.60688405797102,51.60688405797102,51.60688405797102,0.48000688874319275,8.816818742596796e-06,0.0,0.0,0.0,-0.48000688874319275,0.040835002437233925
0.856,0.0,0.0,0.019993185476363272,0.0,0.0,8.90894389523163e-06,0.0,0.0,0.0,0.0,0.0,0.0,0.0,0.0,0.5,0.0,0.0,0.0,-0.02,0.0,0.0,0.0,51.60688405797102,51.60688405797102,51.60688405797102,51.60688405797102,0.48000681452363675,8.90894389523163e-06,0.0,0.0,0.0,-0.48000681452363675,0.09907099592965096
0.864,0.0,0.0,0.01999326043318887,0.0,0.0,9.001075756113636e-06,0.0,0.0,0.0,0.0,0.0,0.0,0.0,0.0,0.5,0.0,0.0,0.0,-0.02,0.0,0.0,0.0,51.60688405797102,51.60688405797102,51.60688405797102,51.60688405797102,0.4800067395668111,9.001075756113636e-06,0.0,0.0,0.0,-0.4800067395668111,0.1442909997422248
0.872,0.0,0.0,0.019993336127286106,0.0,0.0,9.093213035808557e-06,0.0,0.0,0.0,0.0,0.0,0.0,0.0,0.0,0.5,0.0,0.0,0.0,-0.02,0.0,0.0,0.0,51.60688405797102,51.60688405797102,51.60688405797102,51.60688405797102,0.4800066638727139,9.093213035808557e-06,0.0,0.0,0.0,-0.4800066638727139,0.1561760000186041
0.88,0.0,0.0,0.019993412558656658,0.0,0.0,9.18535469244738e-06,0.0,0.0,0.0,0.0,0.0,0.0,0.0,0.0,0.5,0.0,0.0,0.0,-0.02,0.0,0.0,0.0,51.60688405797102,51.60688405797102,51.60688405797102,51.60688405797102,0.48000658744134334,9.18535469244738e-06,0.0,0.0,0.0,-0.48000658744134334,0.08108699694275856
0.888,0.0,0.0,0.01999348972730186,0.0,0.0,9.277499884034753e-06,0.0,0.0,0.0,0.0,0.0,0.0,0.0,0.0,0.5,0.0,0.0,0.0,-0.02,0.0,0.0,0.0,51.60688405797102,51.60688405797102,51.60688405797102,51.60688405797102,0.48000651027269814,9.277499884034753e-06,0.0,0.0,0.0,-0.48000651027269814,0.04586900467984378
0.896,0.0,0.0,0.019993567633222787,0.0,0.0,9.369647930382442e-06,0.0,0.0,0.0,0.0,0.0,0.0,0.0,0.0,0.5,0.0,0.0,0.0,-0.02,0.0,0.0,0.0,51.60688405797102,51.60688405797102,51.60688405797102,51.60688405797102,0.4800064323667772,9.369647930382442e-06,0.0,0.0,0.0,-0.4800064323667772,0.049895003030542284
0.904,0.0,0.0,0.01999364627642029,0.0,0.0,9.461798281875485e-06,0.0,0.0,0.0,0.0,0.0,0.0,0.0,0.0,0.5,0.0,0.0,0.0,-0.02,0.0,0.0,0.0,51.60688405797102,51.60688405797102,51.60688405797102,51.60688405797102,0.4800063537235797,9.461798281875485e-06,0.0,0.0,0.0,-0.4800063537235797,0.06477999704657122
0.912,0.0,0.0,0.01999372565689506,0.0,0.0,9.553950494745307e-06,0.0,0.0,0.0,0.0,0.0,0.0,0.0,0.0,0.5,0.0,0.0,0.0,-0.02,0.0,0.0,0.0,51.60688405797102,51.60688405797102,51.60688405797102,51.60688405797102,0.48000627434310494,9.553950494745307e-06,0.0,0.0,0.0,-0.48000627434310494,0.12391099880915135
0.92,0.0,0.0,0.019993805774647638,0.0,0.0,9.646104210247398e-06,0.0,0.0,0.0,0.0,0.0,0.0,0.0,0.0,0.5,0.0,0.0,0.0,-0.02,0.0,0.0,0.0,51.60688405797102,51.60688405797102,51.60688405797102,51.60688405797102,0.48000619422535235,9.646104210247398e-06,0.0,0.0,0.0,-0.48000619422535235,0.07602199912071228
0.928,0.0,0.0,0.019993886629678468,0.0,0.0,9.738259138957531e-06,0.0,0.0,0.0,0.0,0.0,0.0,0.0,0.0,0.5,0.0,0.0,0.0,-0.02,0.0,0.0,0.0,51.60688405797102,51.60688405797102,51.60688405797102,51.60688405797102,0.4800061133703215,9.738259138957531e-06,0.0,0.0,0.0,-0.4800061133703215,0.05653799598803744
0.936,0.0,0.0,0.019993968221987898,0.0,0.0,9.830415046907718e-06,0.0,0.0,0.0,0.0,0.0,0.0,0.0,0.0,0.5,0.0,0.0,0.0,-0.02,0.0,0.0,0.0,51.60688405797102,51.60688405797102,51.60688405797102,51.60688405797102,0.4800060317780121,9.830415046907718e-06,0.0,0.0,0.0,-0.4800060317780121,0.058371995692141354
0.9440000000000001,0.0,0.0,0.019994050551576208,0.0,0.0,9.922571745275577e-06,0.0,0.0,0.0,0.0,0.0,0.0,0.0,0.0,0.5,0.0,0.0,0.0,-0.02,0.0,0.0,0.0,51.60688405797102,51.60688405797102,51.60688405797102,51.60688405797102,0.4800059494484238,9.922571745275577e-06,0.0,0.0,0.0,-0.4800059494484238,0.05926699668634683
0.9520000000000001,0.0,0.0,0.01999413361844362,0.0,0.0,1.001472908152869e-05,0.0,0.0,0.0,0.0,0.0,0.0,0.0,0.0,0.5,0.0,0.0,0.0,-0.02,0.0,0.0,0.0,51.60688405797102,51.60688405797102,51.60688405797102,51.60688405797102,0.4800058663815564,1.001472908152869e-05,0.0,0.0,0.0,-0.4800058663815564,0.06510999810416251
0.96,0.0,0.0,0.01999421742259032,0.0,0.0,1.010688693268705e-05,0.0,0.0,0.0,0.0,0.0,0.0,0.0,0.0,0.5,0.0,0.0,0.0,-0.02,0.0,0.0,0.0,51.60688405797102,51.60688405797102,51.60688405797102,51.60688405797102,0.48000578257740967,1.010688693268705e-05,0.0,0.0,0.0,-0.48000578257740967,0.024916000256780535
0.968,0.0,0.0,0.019994301964016442,0.0,0.0,1.0199045199238998e-05,0.0,0.0,0.0,0.0,0.0,0.0,0.0,0.0,0.5,0.0,0.0,0.0,-0.02,0.0,0.0,0.0,51.60688405797102,51.60688405797102,51.60688405797102,51.60688405797102,0.4800056980359836,1.0199045199238998e-05,0.0,0.0,0.0,-0.4800056980359836,0.02035999932559207
0.976,0.0,0.0,0.01999438724272211,0.0,0.0,1.0291203801054876e-05,0.0,0.0,0.0,0.0,0.0,0.0,0.0,0.0,0.5,0.0,0.0,0.0,-0.02,0.0,0.0,0.0,51.60688405797102,51.60688405797102,51.60688405797102,51.60688405797102,0.4800056127572779,1.0291203801054876e-05,0.0,0.0,0.0,-0.4800056127572779,0.03376600216142833
0.984,0.0,0.0,0.01999447325870741,0.0,0.0,1.0383362673337038e-05,0.0,0.0,0.0,0.0,0.0,0.0,0.0,0.0,0.5,0.0,0.0,0.0,-0.02,0.0,0.0,0.0,51.60688405797102,51.60688405797102,51.60688405797102,51.60688405797102,0.4800055267412926,1.0383362673337038e-05,0.0,0.0,0.0,-0.4800055267412926,0.06433999806176871
0.992,0.0,0.0,0.019994560011972414,0.0,0.0,1.0475521763813687e-05,0.0,0.0,0.0,0.0,0.0,0.0,0.0,0.0,0.5,0.0,0.0,0.0,-0.02,0.0,0.0,0.0,51.60688405797102,51.60688405797102,51.60688405797102,51.60688405797102,0.4800054399880276,1.0475521763813687e-05,0.0,0.0,0.0,-0.4800054399880276,0.020463005057536066
1.0,0.0,0.0,0.019994647502517185,0.0,0.0,1.056768103032044e-05,0.0,0.0,0.0,0.0,0.0,0.0,0.0,0.0,0.5,0.0,0.0,0.0,-0.02,0.0,0.0,0.0,51.60688405797102,51.60688405797102,51.60688405797102,51.60688405797102,0.48000535249748283,1.056768103032044e-05,0.0,0.0,0.0,-0.48000535249748283,0.022042993805371225
1.008,0.0,0.0,0.01999473573034177,0.0,0.0,1.0659840438865583e-05,0.0,0.0,0.0,0.0,0.0,0.0,0.0,0.0,0.5,0.0,0.0,0.0,-0.02,0.0,0.0,0.0,51.60688405797102,51.60688405797102,51.60688405797102,51.60688405797102,0.4800052642696582,1.0659840438865583e-05,0.0,0.0,0.0,-0.4800052642696582,0.02727700484683737
1.016,0.0,0.0,0.019994824695446202,0.0,0.0,1.07519999619088e-05,0.0,0.0,0.0,0.0,0.0,0.0,0.0,0.0,0.5,0.0,0.0,0.0,-0.02,0.0,0.0,0.0,51.60688405797102,51.60688405797102,51.60688405797102,51.60688405797102,0.4800051753045538,1.07519999619088e-05,0.0,0.0,0.0,-0.4800051753045538,0.08245200297096744
1.024,0.0,0.0,0.019994914397830514,0.0,0.0,1.08441595773311e-05,0.0,0.0,0.0,0.0,0.0,0.0,0.0,0.0,0.5,0.0,0.0,0.0,-0.02,0.0,0.0,0.0,51.60688405797102,51.60688405797102,51.60688405797102,51.60688405797102,0.4800050856021695,1.08441595773311e-05,0.0,0.0,0.0,-0.4800050856021695,0.045171000238042325
1.032,0.0,0.0,0.019995004837494734,0.0,0.0,1.0936319267350558e-05,0.0,0.0,0.0,0.0,0.0,0.0,0.0,0.0,0.5,0.0,0.0,0.0,-0.02,0.0,0.0,0.0,51.60688405797102,51.60688405797102,51.60688405797102,51.60688405797102,0.4800049951625053,1.0936319267350558e-05,0.0,0.0,0.0,-0.4800049951625053,0.028403002943377942
1.04,0.0,0.0,0.019995096014438874,0.0,0.0,1.1028479017394686e-05,0.0,0.0,0.0,0.0,0.0,0.0,0.0,0.0,0.5,0.0,0.0,0.0,-0.02,0.0,0.0,0.0,51.60688405797102,51.60688405797102,51.60688405797102,51.60688405797102,0.4800049039855611,1.1028479017394686e-05,0.0,0.0,0.0,-0.4800049039855611,0.04858399915974587
1.048,0.0,0.0,0.019995187928662953,0.0,0.0,1.1120638815892232e-05,0.0,0.0,0.0,0.0,0.0,0.0,0.0,0.0,0.5,0.0,0.0,0.0,-0.02,0.0,0.0,0.0,51.60688405797102,51.60688405797102,51.60688405797102,51.60688405797102,0.48000481207133705,1.1120638815892232e-05,0.0,0.0,0.0,-0.48000481207133705,0.043584994273260236
1.056,0.0,0.0,0.019995280580166985,0.0,0.0,1.1212798653499456e-05,0.0,0.0,0.0,0.0,0.0,0.0,0.0,0.0,0.5,0.0,0.0,0.0,-0.02,0.0,0.0,0.0,51.60688405797102,51.60688405797102,51.60688405797102,51.60688405797102,0.480004719419833,1.1212798653499456e-05,0.0,0.0,0.0,-0.480004719419833,0.0451239975518547
1.064,0.0,0.0,0.019995373968950975,0.0,0.0,1.1304958522567894e-05,0.0,0.0,0.0,0.0,0.0,0.0,0.0,0.0,0.5,0.0,0.0,0.0,-0.02,0.0,0.0,0.0,51.60688405797102,51.60688405797102,51.60688405797102,51.60688405797102,0.48000462603104904,1.1304958522567894e-05,0.0,0.0,0.0,-0.48000462603104904,0.05844700353918597
1.072,0.0,0.0,0.019995468095014936,0.0,0.0,1.1397118417065514e-05,0.0,0.0,0.0,0.0,0.0,0.0,0.0,0.0,0.5,0.0,0.0,0.0,-0.02,0.0,0.0,0.0,51.60688405797102,51.60688405797102,51.60688405797102,51.60688405797102,0.48000453190498504,1.1397118417065514e-05,0.0,0.0,0.0,-0.48000453190498504,0.19392599642742425
1.08,0.0,0.0,0.01999556295835887,0.0,0.0,1.1489278331993214e-05,0.0,0.0,0.0,0.0,0.0,0.0,0.0,0.0,0.5,0.0,0.0,0.0,-0.02,0.0,0.0,0.0,51.60688405797102,51.60688405797102,51.60688405797102,51.60688405797102,0.48000443704164114,1.1489278331993214e-05,0.0,0.0,0.0,-0.48000443704164114,0.11546599853318185
1.088,0.0,0.0,0.019995658558982783,0.0,0.0,1.158143826343845e-05,0.0,0.0,0.0,0.0,0.0,0.0,0.0,0.0,0.5,0.0,0.0,0.0,-0.02,0.0,0.0,0.0,51.60688405797102,51.60688405797102,51.60688405797102,51.60688405797102,0.4800043414410172,1.158143826343845e-05,0.0,0.0,0.0,-0.4800043414410172,0.06562700582435355
1.096,0.0,0.0,0.019995754896886684,0.0,0.0,1.167359820827119e-05,0.0,0.0,0.0,0.0,0.0,0.0,0.0,0.0,0.5,0.0,0.0,0.0,-0.02,0.0,0.0,0.0,51.60688405797102,51.60688405797102,51.60688405797102,51.60688405797102,0.4800042451031133,1.167359820827119e-05,0.0,0.0,0.0,-0.4800042451031133,0.03542900230968371
1.104,0.0,0.0,0.019995851972070572,0.0,0.0,1.176575816381393e-05,0.0,0.0,0.0,0.0,0.0,0.0,0.0,0.0,0.5,0.0,0.0,0.0,-0.02,0.0,0.0,0.0,51.60688405797102,51.60688405797102,51.60688405797102,51.60688405797102,0.48000414802792946,1.176575816381393e-05,0.0,0.0,0.0,-0.48000414802792946,0.04307999915909022
1.112,0.0,0.0,0.019995949784534447,0.0,0.0,1.185791812792467e-05,0.0,0.0,0.0,0.0,0.0,0.0,0.0,0.0,0.5,0.0,0.0,0.0,-0.02,0.0,0.0,0.0,51.60688405797102,51.60688405797102,51.60688405797102,51.60688405797102,0.48000405021546555,1.185791812792467e-05,0.0,0.0,0.0,-0.48000405021546555,0.048155001422856
1.12,0.0,0.0,0.019996048334278316,0.0,0.0,1.1950078099063286e-05,0.0,0.0,0.0,0.0,0.0,0.0,0.0,0.0,0.5,0.0,0.0,0.0,-0.02,0.0,0.0,0.0,51.60688405797102,51.60688405797102,51.60688405797102,51.60688405797102,0.4800039516657217,1.1950078099063286e-05,0.0,0.0,0.0,-0.4800039516657217,0.040126004023477435
1.1280000000000001,0.0,0.0,0.019996147621302175,0.0,0.0,1.2042238075737463e-05,0.0,0.0,0.0,0.0,0.0,0.0,0.0,0.0,0.5,0.0,0.0,0.0,-0.02,0.0,0.0,0.0,51.60688405797102,51.60688405797102,51.60688405797102,51.60688405797102,0.4800038523786978,1.2042238075737463e-05,0.0,0.0,0.0,-0.4800038523786978,0.026011999580077827
1.1360000000000001,0.0,0.0,0.019996247645606032,0.0,0.0,1.2134398057013562e-05,0.0,0.0,0.0,0.0,0.0,0.0,0.0,0.0,0.5,0.0,0.0,0.0,-0.02,0.0,0.0,0.0,51.60688405797102,51.60688405797102,51.60688405797102,51.60688405797102,0.48000375235439396,1.2134398057013562e-05,0.0,0.0,0.0,-0.48000375235439396,0.024167995434254408
1.1440000000000001,0.0,0.0,0.019996348407189883,0.0,0.0,1.2226558041884464e-05,0.0,0.0,0.0,0.0,0.0,0.0,0.0,0.0,0.5,0.0,0.0,0.0,-0.02,0.0,0.0,0.0,51.60688405797102,51.60688405797102,51.60688405797102,51.60688405797102,0.4800036515928101,1.2226558041884464e-05,0.0,0.0,0.0,-0.4800036515928101,0.02138700074283406
1.1520000000000001,0.0,0.0,0.01999644990605373,0.0,0.0,1.2318718029717943e-05,0.0,0.0,0.0,0.0,0.0,0.0,0.0,0.0,0.5,0.0,0.0,0.0,-0.02,0.0,0.0,0.0,51.60688405797102,51.60688405797102,51.60688405797102,51.60688405797102,0.48000355009394624,1.2318718029717943e-05,0.0,0.0,0.0,-0.48000355009394624,0.02066799788735807
1.16,0.0,0.0,0.019996552142197577,0.0,0.0,1.2410878019921554e-05,0.0,0.0,0.0,0.0,0.0,0.0,0.0,0.0,0.5,0.0,0.0,0.0,-0.02,0.0,0.0,0.0,51.60688405797102,51.60688405797102,51.60688405797102,51.60688405797102,0.4800034478578024,1.2410878019921554e-05,0.0,0.0,0.0,-0.4800034478578024,0.020865998521912843
1.168,0.0,0.0,0.01999665511562142,0.0,0.0,1.250303801202113e-05,0.0,0.0,0.0,0.0,0.0,0.0,0.0,0.0,0.5,0.0,0.0,0.0,-0.02,0.0,0.0,0.0,51.60688405797102,51.60688405797102,51.60688405797102,51.60688405797102,0.48000334488437857,1.250303801202113e-05,0.0,0.0,0.0,-0.48000334488437857,0.020588006009347737
1.176,0.0,0.0,0.01999675882632526,0.0,0.0,1.2595198005637549e-05,0.0,0.0,0.0,0.0,0.0,0.0,0.0,0.0,0.5,0.0,0.0,0.0,-0.02,0.0,0.0,0.0,51.60688405797102,51.60688405797102,51.60688405797102,51.60688405797102,0.48000324117367477,1.2595198005637549e-05,0.0,0.0,0.0,-0.48000324117367477,0.02197099820477888
1.184,0.0,0.0,0.0199968632743091,0.0,0.0,1.268735800046744e-05,0.0,0.0,0.0,0.0,0.0,0.0,0.0,0.0,0.5,0.0,0.0,0.0,-0.02,0.0,0.0,0.0,51.60688405797102,51.60688405797102,51.60688405797102,51.60688405797102,0.4800031367256909,1.268735800046744e-05,0.0,0.0,0.0,-0.4800031367256909,0.02333000156795606
1.192,0.0,0.0,0.01999696845957294,0.0,0.0,1.2779517996354847e-05,0.0,0.0,0.0,0.0,0.0,0.0,0.0,0.0,0.5,0.0,0.0,0.0,-0.02,0.0,0.0,0.0,51.60688405797102,51.60688405797102,51.60688405797102,51.60688405797102,0.48000303154042706,1.2779517996354847e-05,0.0,0.0,0.0,-0.48000303154042706,0.021000996639486402
1.2,0.0,0.0,0.019997074382116776,0.0,0.0,1.2871677993001531e-05,0.0,0.0,0.0,0.0,0.0,0.0,0.0,0.0,0.5,0.0,0.0,0.0,-0.02,0.0,0.0,0.0,51.60688405797102,51.60688405797102,51.60688405797102,51.60688405797102,0.4800029256178832,1.2871677993001531e-05,0.0,0.0,0.0,-0.4800029256178832,0.032775998988654464
1.208,0.0,0.0,0.019997181041940613,0.0,0.0,1.2963837990342373e-05,0.0,0.0,0.0,0.0,0.0,0.0,0.0,0.0,0.5,0.0,0.0,0.0,-0.02,0.0,0.0,0.0,51.60688405797102,51.60688405797102,51.60688405797102,51.60688405797102,0.4800028189580594,1.2963837990342373e-05,0.0,0.0,0.0,-0.4800028189580594,0.026146000891458243
1.216,0.0,0.0,0.019997288439044452,0.0,0.0,1.3055997988238539e-05,0.0,0.0,0.0,0.0,0.0,0.0,0.0,0.0,0.5,0.0,0.0,0.0,-0.02,0.0,0.0,0.0,51.60688405797102,51.60688405797102,51.60688405797102,51.60688405797102,0.48000271156095553,1.3055997988238539e-05,0.0,0.0,0.0,-0.48000271156095553,0.02063399733742699
1.224,0.0,0.0,0.019997396573428288,0.0,0.0,1.314815798649223e-05,0.0,0.0,0.0,0.0,0.0,0.0,0.0,0.0,0.5,0.0,0.0,0.0,-0.02,0.0,0.0,0.0,51.60688405797102,51.60688405797102,51.60688405797102,51.60688405797102,0.4800026034265717,1.314815798649223e-05,0.0,0.0,0.0,-0.4800026034265717,0.021961997845210135
1.232,0.0,0.0,0.019997505445092125,0.0,0.0,1.3240317985118678e-05,0.0,0.0,0.0,0.0,0.0,0.0,0.0,0.0,0.5,0.0,0.0,0.0,-0.02,0.0,0.0,0.0,51.60688405797102,51.60688405797102,51.60688405797102,51.60688405797102,0.4800024945549079,1.3240317985118678e-05,0.0,0.0,0.0,-0.4800024945549079,0.021202999050728977
1.24,0.0,0.0,0.01999761505403596,0.0,0.0,1.3332477983956593e-05,0.0,0.0,0.0,0.0,0.0,0.0,0.0,0.0,0.5,0.0,0.0,0.0,-0.02,0.0,0.0,0.0,51.60688405797102,51.60688405797102,51.60688405797102,51.60688405797102,0.48000238494596403,1.3332477983956593e-05,0.0,0.0,0.0,-0.48000238494596403,0.02152500383090228
1.248,0.0,0.0,0.019997725400259795,0.0,0.0,1.342463798305042e-05,0.0,0.0,0.0,0.0,0.0,0.0,0.0,0.0,0.5,0.0,0.0,0.0,-0.02,0.0,0.0,0.0,51.60688405797102,51.60688405797102,51.60688405797102,51.60688405797102,0.4800022745997402,1.342463798305042e-05,0.0,0.0,0.0,-0.4800022745997402,0.04755199915962294
1.256,0.0,0.0,0.01999783648376363,0.0,0.0,1.3516797982348974e-05,0.0,0.0,0.0,0.0,0.0,0.0,0.0,0.0,0.5,0.0,0.0,0.0,-0.02,0.0,0.0,0.0,51.60688405797102,51.60688405797102,51.60688405797102,51.60688405797102,0.48000216351623637,1.3516797982348974e-05,0.0,0.0,0.0,-0.48000216351623637,0.0850590004120022
1.264,0.0,0.0,0.019997948304547465,0.0,0.0,1.3608957981724574e-05,0.0,0.0,0.0,0.0,0.0,0.0,0.0,0.0,0.5,0.0,0.0,0.0,-0.02,0.0,0.0,0.0,51.60688405797102,51.60688405797102,51.60688405797102,51.60688405797102,0.4800020516954525,1.3608957981724574e-05,0.0,0.0,0.0,-0.4800020516954525,0.052442999731283635
1.272,0.0,0.0,0.0199980608626113,0.0,0.0,1.370111798124855e-05,0.0,0.0,0.0,0.0,0.0,0.0,0.0,0.0,0.5,0.0,0.0,0.0,-0.02,0.0,0.0,0.0,51.60688405797102,51.60688405797102,51.60688405797102,51.60688405797102,0.4800019391373887,1.370111798124855e-05,0.0,0.0,0.0,-0.4800019391373887,0.04413299757288769
1.28,0.0,0.0,0.019998174157955136,0.0,0.0,1.3793277980891223e-05,0.0,0.0,0.0,0.0,0.0,0.0,0.0,0.0,0.5,0.0,0.0,0.0,-0.02,0.0,0.0,0.0,51.60688405797102,51.60688405797102,51.60688405797102,51.60688405797102,0.48000182584204487,1.3793277980891223e-05,0.0,0.0,0.0,-0.48000182584204487,0.06684099935228005
1.288,0.0,0.0,0.01999828819057897,0.0,0.0,1.388543798054212e-05,0.0,0.0,0.0,0.0,0.0,0.0,0.0,0.0,0.5,0.0,0.0,0.0,-0.02,0.0,0.0,0.0,51.60688405797102,51.60688405797102,51.60688405797102,51.60688405797102,0.48000171180942103,1.388543798054212e-05,0.0,0.0,0.0,-0.48000171180942103,0.05415800114860758
1.296,0.0,0.0,0.019998402960482803,0.0,0.0,1.3977597980286329e-05,0.0,0.0,0.0,0.0,0.0,0.0,0.0,0.0,0.5,0.0,0.0,0.0,-0.02,0.0,0.0,0.0,51.60688405797102,51.60688405797102,51.60688405797102,51.60688405797102,0.48000159703951717,1.3977597980286329e-05,0.0,0.0,0.0,-0.48000159703951717,0.04381200415082276
1.304,0.0,0.0,0.019998518467666638,0.0,0.0,1.4069757980105192e-05,0.0,0.0,0.0,0.0,0.0,0.0,0.0,0.0,0.5,0.0,0.0,0.0,-0.02,0.0,0.0,0.0,51.60688405797102,51.60688405797102,51.60688405797102,51.60688405797102,0.48000148153233335,1.4069757980105192e-05,0.0,0.0,0.0,-0.48000148153233335,0.22438199812313542
1.312,0.0,0.0,0.019998634712130474,0.0,0.0,1.4161917979983775e-05,0.0,0.0,0.0,0.0,0.0,0.0,0.0,0.0,0.5,0.0,0.0,0.0,-0.02,0.0,0.0,0.0,51.60688405797102,51.60688405797102,51.60688405797102,51.60688405797102,0.4800013652878695,1.4161917979983775e-05,0.0,0.0,0.0,-0.4800013652878695,0.04876100138062611
1.32,0.0,0.0,0.019998751693874307,0.0,0.0,1.42540779798234e-05,0.0,0.0,0.0,0.0,0.0,0.0,0.0,0.0,0.5,0.0,0.0,0.0,-0.02,0.0,0.0,0.0,51.60688405797102,51.60688405797102,51.60688405797102,51.60688405797102,0.48000124830612567,1.42540779798234e-05,0.0,0.0,0.0,-0.48000124830612567,0.05218600563239306
1.328,0.0,0.0,0.019998869412898142,0.0,0.0,1.4346237979718595e-05,0.0,0.0,0.0,0.0,0.0,0.0,0.0,0.0,0.5,0.0,0.0,0.0,-0.02,0.0,0.0,0.0,51.60688405797102,51.60688405797102,51.60688405797102,51.60688405797102,0.48000113058710187,1.4346237979718595e-05,0.0,0.0,0.0,-0.48000113058710187,0.1491799994255416
1.336,0.0,0.0,0.019998987869201977,0.0,0.0,1.4438397979658245e-05,0.0,0.0,0.0,0.0,0.0,0.0,0.0,0.0,0.5,0.0,0.0,0.0,-0.02,0.0,0.0,0.0,51.60688405797102,51.60688405797102,51.60688405797102,51.60688405797102,0.48000101213079804,1.4438397979658245e-05,0.0,0.0,0.0,-0.48000101213079804,0.10123099491465837
1.344,0.0,0.0,0.019999107062785813,0.0,0.0,1.4530557979633457e-05,0.0,0.0,0.0,0.0,0.0,0.0,0.0,0.0,0.5,0.0,0.0,0.0,-0.02,0.0,0.0,0.0,51.60688405797102,51.60688405797102,51.60688405797102,51.60688405797102,0.4800008929372142,1.4530557979633457e-05,0.0,0.0,0.0,-0.4800008929372142,0.06153700087452307
1.352,0.0,0.0,0.019999226993649647,0.0,0.0,1.4622717979550386e-05,0.0,0.0,0.0,0.0,0.0,0.0,0.0,0.0,0.5,0.0,0.0,0.0,-0.02,0.0,0.0,0.0,51.60688405797102,51.60688405797102,51.60688405797102,51.60688405797102,0.48000077300635036,1.4622717979550386e-05,0.0,0.0,0.0,-0.48000077300635036,0.05118399712955579
1.36,0.0,0.0,0.019999347661793482,0.0,0.0,1.471487797950742e-05,0.0,0.0,0.0,0.0,0.0,0.0,0.0,0.0,0.5,0.0,0.0,0.0,-0.02,0.0,0.0,0.0,51.60688405797102,51.60688405797102,51.60688405797102,51.60688405797102,0.48000065233820655,1.471487797950742e-05,0.0,0.0,0.0,-0.48000065233820655,0.0901160019566305
1.368,0.0,0.0,0.019999469067217317,0.0,0.0,1.4807037979496544e-05,0.0,0.0,0.0,0.0,0.0,0.0,0.0,0.0,0.5,0.0,0.0,0.0,-0.02,0.0,0.0,0.0,51.60688405797102,51.60688405797102,51.60688405797102,51.60688405797102,0.48000053093278267,1.4807037979496544e-05,0.0,0.0,0.0,-0.48000053093278267,0.19441999756963924
1.3760000000000001,0.0,0.0,0.020004318957268653,0.0,0.0,0.0001330928816669954,0.0,0.0,0.0,0.0,0.0,0.0,0.0,0.0,0.5,0.0,0.0,0.0,-0.02,0.0,0.0,0.0,51.60688405797102,51.60688405797102,51.60688405797102,51.60688405797102,0.4799956810427313,0.0001330928816669954,0.0,0.0,0.0,-0.4799956810427313,0.18993899720953777
1.3840000000000001,0.0,0.0,0.020021347728640625,0.0,0.0,0.0005321935896328969,0.0,0.0,0.0,0.0,0.0,0.0,0.0,0.0,0.5,0.0,0.0,0.0,-0.02,0.0,0.0,0.0,51.60688405797102,51.60688405797102,51.60688405797102,51.60688405797102,0.4799786522713594,0.0005321935896328969,0.0,0.0,0.0,-0.4799786522713594,0.6476939961430617
1.3920000000000001,0.0,0.0,0.020058039788343397,0.0,0.0,0.0013430563642756134,0.0,0.0,0.0,0.0,0.0,0.0,0.0,0.0,0.5,0.0,0.0,0.0,-0.02,0.0,0.0,0.0,51.60688405797102,51.60688405797102,51.60688405797102,51.60688405797102,0.4799419602116566,0.0013430563642756134,0.0,0.0,0.0,-0.4799419602116566,0.8174899994628504
1.4000000000000001,0.0,0.0,0.020121913509514342,0.0,0.0,0.002671288120694112,0.0,0.0,0.0,0.0,0.0,0.0,0.0,0.0,0.5,0.0,0.0,0.0,-0.02,0.0,0.0,0.0,51.60688405797102,51.60688405797102,51.60688405797102,51.60688405797102,0.47987808649048563,0.002671288120694112,0.0,0.0,0.0,-0.47987808649048563,0.9780730033526197
1.408,0.0,0.0,0.020220521187285612,0.0,0.0,0.004602222440837111,0.0,0.0,0.0,0.0,0.0,0.0,0.0,0.0,0.5,0.0,0.0,0.0,-0.02,0.0,0.0,0.0,51.60688405797102,51.60688405797102,51.60688405797102,51.60688405797102,0.4797794788127144,0.004602222440837111,0.0,0.0,0.0,-0.4797794788127144,1.0679469996830449
1.416,0.0,0.0,0.020361448994709083,0.0,0.0,0.0072049731382564566,0.0,0.0,0.0,0.0,0.0,0.0,0.0,0.0,0.5,0.0,0.0,0.0,-0.02,0.0,0.0,0.0,51.60688405797102,51.60688405797102,51.60688405797102,51.60688405797102,0.4796385510052909,0.0072049731382564566,0.0,0.0,0.0,-0.4796385510052909,1.1623609971138649
1.424,0.0,0.0,0.020552316938738536,0.0,0.0,0.010535677111341478,0.0,0.0,0.0,0.0,0.0,0.0,0.0,0.0,0.5,0.0,0.0,0.0,-0.02,0.0,0.0,0.0,51.60688405797102,51.60688405797102,51.60688405797102,51.60688405797102,0.47944768306126145,0.010535677111341478,0.0,0.0,0.0,-0.47944768306126145,1.2681219959631562
1.432,0.0,0.0,0.020800778816269058,0.0,0.0,0.014640088627336238,0.0,0.0,0.0,0.0,0.0,0.0,0.0,0.0,0.5,0.0,0.0,0.0,-0.02,0.0,0.0,0.0,51.60688405797102,51.60688405797102,51.60688405797102,51.60688405797102,0.47919922118373093,0.014640088627336238,0.0,0.0,0.0,-0.47919922118373093,2.666125998075586
1.44,0.0,0.0,0.021114522170233536,0.0,0.0,0.019555654750980922,0.0,0.0,0.0,0.0,0.0,0.0,0.0,0.0,0.5,0.0,0.0,0.0,-0.02,0.0,0.0,0.0,51.60688405797102,51.60688405797102,51.60688405797102,51.60688405797102,0.4788854778297665,0.019555654750980922,0.0,0.0,0.0,-0.4788854778297665,1.5924929975881241
1.448,0.0,0.0,0.021501268245756218,0.0,0.0,0.02531317568885178,0.0,0.0,0.0,0.0,0.0,0.0,0.0,0.0,0.5,0.0,0.0,0.0,-0.02,0.0,0.0,0.0,51.60688405797102,51.60688405797102,51.60688405797102,51.60688405797102,0.4784987317542438,0.02531317568885178,0.0,0.0,0.0,-0.4784987317542438,1.587042999744881
1.456,0.0,0.0,0.021968771946363222,0.0,0.0,0.03193813306625652,0.0,0.0,0.0,0.0,0.0,0.0,0.0,0.0,0.5,0.0,0.0,0.0,-0.02,0.0,0.0,0.0,51.60688405797102,51.60688405797102,51.60688405797102,51.60688405797102,0.4780312280536368,0.03193813306625652,0.0,0.0,0.0,-0.4780312280536368,1.6361809975933284
1.464,0.0,0.0,0.02252482179024996,0.0,0.0,0.03945175255017365,0.0,0.0,0.0,0.0,0.0,0.0,0.0,0.0,0.5,0.0,0.0,0.0,-0.02,0.0,0.0,0.0,51.60688405797102,51.60688405797102,51.60688405797102,51.60688405797102,0.47747517820975005,0.03945175255017365,0.0,0.0,0.0,-0.47747517820975005,1.6006539954105392
1.472,0.0,0.0,0.023177239866605377,0.0,0.0,0.04787185394902433,0.0,0.0,0.0,0.0,0.0,0.0,0.0,0.0,0.5,0.0,0.0,0.0,-0.02,0.0,0.0,0.0,51.60688405797102,51.60688405797102,51.60688405797102,51.60688405797102,0.47682276013339464,0.04787185394902433,0.0,0.0,0.0,-0.47682276013339464,1.7141509961220436
1.48,0.0,0.0,0.023933881791992927,0.0,0.0,0.0572135312939082,0.0,0.0,0.0,0.0,0.0,0.0,0.0,0.0,0.5,0.0,0.0,0.0,-0.02,0.0,0.0,0.0,51.60688405797102,51.60688405797102,51.60688405797102,51.60688405797102,0.4760661182080071,0.0572135312939082,0.0,0.0,0.0,-0.4760661182080071,1.6848939994815737
1.488,0.0,0.0,0.02480263666678825,0.0,0.0,0.06748969690500961,0.0,0.0,0.0,0.0,0.0,0.0,0.0,0.0,0.5,0.0,0.0,0.0,-0.02,0.0,0.0,0.0,51.60688405797102,51.60688405797102,51.60688405797102,51.60688405797102,0.4751973633332118,0.06748969690500961,0.0,0.0,0.0,-0.4751973633332118,1.7307279995293356
1.496,0.0,0.0,0.02579142703167342,0.0,0.0,0.07871151664613693,0.0,0.0,0.0,0.0,0.0,0.0,0.0,0.0,0.5,0.0,0.0,0.0,-0.02,0.0,0.0,0.0,51.60688405797102,51.60688405797102,51.60688405797102,51.60688405797102,0.4742085729683266,0.07871151664613693,0.0,0.0,0.0,-0.4742085729683266,1.8440340063534677
1.504,0.0,0.0,0.026908208824187742,0.0,0.0,0.09088875812976759,0.0,0.0,0.0,0.0,0.0,0.0,0.0,0.0,0.5,0.0,0.0,0.0,-0.02,0.0,0.0,0.0,51.60688405797102,51.60688405797102,51.60688405797102,51.60688405797102,0.47309179117581224,0.09088875812976759,0.0,0.0,0.0,-0.47309179117581224,2.4744949987507425
1.512,0.0,0.0,0.028160971335334985,0.0,0.0,0.10403006928249514,0.0,0.0,0.0,0.0,0.0,0.0,0.0,0.0,0.5,0.0,0.0,0.0,-0.02,0.0,0.0,0.0,51.60688405797102,51.60688405797102,51.60688405797102,51.60688405797102,0.47183902866466504,0.10403006928249514,0.0,0.0,0.0,-0.47183902866466504,1.8840470002032816
1.52,0.0,0.0,0.02955773716624702,0.0,0.0,0.11814320119879695,0.0,0.0,0.0,0.0,0.0,0.0,0.0,0.0,0.5,0.0,0.0,0.0,-0.02,0.0,0.0,0.0,51.60688405797102,51.60688405797102,51.60688405797102,51.60688405797102,0.47044226283375296,0.11814320119879695,0.0,0.0,0.0,-0.47044226283375296,1.8212750001112
1.528,0.0,0.0,0.03110656218490374,0.0,0.0,0.1332351864254555,0.0,0.0,0.0,0.0,0.0,0.0,0.0,0.0,0.5,0.0,0.0,0.0,-0.02,0.0,0.0,0.0,51.60688405797102,51.60688405797102,51.60688405797102,51.60688405797102,0.46889343781509624,0.1332351864254555,0.0,0.0,0.0,-0.46889343781509624,1.8646680036908947
1.536,0.0,0.0,0.03281553548290922,0.0,0.0,0.1493124815905014,0.0,0.0,0.0,0.0,0.0,0.0,0.0,0.0,0.5,0.0,0.0,0.0,-0.02,0.0,0.0,0.0,51.60688405797102,51.60688405797102,51.60688405797102,51.60688405797102,0.4671844645170908,0.1493124815905014,0.0,0.0,0.0,-0.4671844645170908,1.8201150014647283
1.544,0.0,0.0,0.034692779332324064,0.0,0.0,0.1663810815077722,0.0,0.0,0.0,0.0,0.0,0.0,0.0,0.0,0.5,0.0,0.0,0.0,-0.02,0.0,0.0,0.0,51.60688405797102,51.60688405797102,51.60688405797102,51.60688405797102,0.46530722066767594,0.1663810815077722,0.0,0.0,0.0,-0.46530722066767594,1.951329999428708
1.552,0.0,0.0,0.03674644914255379,0.0,0.0,0.1844466104619608,0.0,0.0,0.0,0.0,0.0,0.0,0.0,0.0,0.5,0.0,0.0,0.0,-0.02,0.0,0.0,0.0,51.60688405797102,51.60688405797102,51.60688405797102,51.60688405797102,0.46325355085744624,0.1844466104619608,0.0,0.0,0.0,-0.46325355085744624,2.086775995849166
1.56,0.0,0.0,0.03898473341729328,0.0,0.0,0.2035143952380558,0.0,0.0,0.0,0.0,0.0,0.0,0.0,0.0,0.5,0.0,0.0,0.0,-0.02,0.0,0.0,0.0,51.60688405797102,51.60688405797102,51.60688405797102,51.60688405797102,0.46101526658270675,0.2035143952380558,0.0,0.0,0.0,-0.46101526658270675,1.9694709990289994
1.568,0.0,0.0,0.041415853711527145,0.0,0.0,0.2235895235462913,0.0,0.0,0.0,0.0,0.0,0.0,0.0,0.0,0.5,0.0,0.0,0.0,-0.02,0.0,0.0,0.0,51.60688405797102,51.60688405797102,51.60688405797102,51.60688405797102,0.4585841462884729,0.2235895235462913,0.0,0.0,0.0,-0.4585841462884729,2.1182720010983758
1.576,0.0,0.0,0.04404806458858597,0.0,0.0,0.24467689076350363,0.0,0.0,0.0,0.0,0.0,0.0,0.0,0.0,0.5,0.0,0.0,0.0,-0.02,0.0,0.0,0.0,51.60688405797102,51.60688405797102,51.60688405797102,51.60688405797102,0.45595193541141404,0.24467689076350363,0.0,0.0,0.0,-0.45595193541141404,2.036976999079343
1.584,0.0,0.0,0.046889653577258335,0.0,0.0,0.266781237327612,0.0,0.0,0.0,0.0,0.0,0.0,0.0,0.0,0.5,0.0,0.0,0.0,-0.02,0.0,0.0,0.0,51.60688405797102,51.60688405797102,51.60688405797102,51.60688405797102,0.45311034642274167,0.266781237327612,0.0,0.0,0.0,-0.45311034642274167,2.0675260020652786
1.592,0.0,0.0,0.049948941128958604,0.0,0.0,0.28990717865459625,0.0,0.0,0.0,0.0,0.0,0.0,0.0,0.0,0.5,0.0,0.0,0.0,-0.02,0.0,0.0,0.0,51.60688405797102,51.60688405797102,51.60688405797102,51.60688405797102,0.4500510588710414,0.28990717865459625,0.0,0.0,0.0,-0.4500510588710414,1.989194999623578
1.6,0.0,0.0,0.05323428057495031,0.0,0.0,0.3140592290734696,0.0,0.0,0.0,0.0,0.0,0.0,0.0,0.0,0.5,0.0,0.0,0.0,-0.02,0.0,0.0,0.0,51.60688405797102,51.60688405797102,51.60688405797102,51.60688405797102,0.44676571942504967,0.3140592290734696,0.0,0.0,0.0,-0.44676571942504967,2.0041860043420456
1.608,0.0,0.0,0.056754058083625186,0.0,0.0,0.3392418209756475,0.0,0.0,0.0,0.0,0.0,0.0,0.0,0.0,0.5,0.0,0.0,0.0,-0.02,0.0,0.0,0.0,51.60688405797102,51.60688405797102,51.60688405797102,51.60688405797102,0.4432459419163748,0.3392418209756475,0.0,0.0,0.0,-0.4432459419163748,2.0910019957227632
1.616,0.0,0.0,0.06051669261783763,0.0,0.0,0.3654593201358291,0.0,0.0,0.0,0.0,0.0,0.0,0.0,0.0,0.5,0.0,0.0,0.0,-0.02,0.0,0.0,0.0,51.60688405797102,51.60688405797102,51.60688405797102,51.60688405797102,0.43948330738216235,0.3654593201358291,0.0,0.0,0.0,-0.43948330738216235,2.2149110009195283
1.624,0.0,0.0,0.06453063589229467,0.0,0.0,0.3927160379700892,0.0,0.0,0.0,0.0,0.0,0.0,0.0,0.0,0.5,0.0,0.0,0.0,-0.02,0.0,0.0,0.0,51.60688405797102,51.60688405797102,51.60688405797102,51.60688405797102,0.4354693641077053,0.3927160379700892,0.0,0.0,0.0,-0.4354693641077053,2.2489460025099106
1.6320000000000001,0.0,0.0,0.06880437233100126,0.0,0.0,0.4210162413437359,0.0,0.0,0.0,0.0,0.0,0.0,0.0,0.0,0.5,0.0,0.0,0.0,-0.02,0.0,0.0,0.0,51.60688405797102,51.60688405797102,51.60688405797102,51.60688405797102,0.43119562766899877,0.4210162413437359,0.0,0.0,0.0,-0.43119562766899877,2.1511180020752363
1.6400000000000001,0.0,0.0,0.07334641902476084,0.0,0.0,0.4503641604189783,0.0,0.0,0.0,0.0,0.0,0.0,0.0,0.0,0.5,0.0,0.0,0.0,-0.02,0.0,0.0,0.0,51.60688405797102,51.60688405797102,51.60688405797102,51.60688405797102,0.42665358097523914,0.4503641604189783,0.0,0.0,0.0,-0.42665358097523914,2.0683069960796274
1.6480000000000001,0.0,0.0,0.07816532568873122,0.0,0.0,0.480763994934442,0.0,0.0,0.0,0.0,0.0,0.0,0.0,0.0,0.5,0.0,0.0,0.0,-0.02,0.0,0.0,0.0,51.60688405797102,51.60688405797102,51.60688405797102,51.60688405797102,0.42183467431126875,0.480763994934442,0.0,0.0,0.0,-0.42183467431126875,2.166115998988971
1.6560000000000001,0.0,0.0,0.08326967462003547,0.0,0.0,0.5122199192301597,0.0,0.0,0.0,0.0,0.0,0.0,0.0,0.0,0.5,0.0,0.0,0.0,-0.02,0.0,0.0,0.0,51.60688405797102,51.60688405797102,51.60688405797102,51.60688405797102,0.4167303253799645,0.5122199192301597,0.0,0.0,0.0,-0.4167303253799645,2.0620099967345595
1.6640000000000001,0.0,0.0,0.088668080655428,0.0,0.0,0.544736086268941,0.0,0.0,0.0,0.0,0.0,0.0,0.0,0.0,0.5,0.0,0.0,0.0,-0.02,0.0,0.0,0.0,51.60688405797102,51.60688405797102,51.60688405797102,51.60688405797102,0.41133191934457203,0.544736086268941,0.0,0.0,0.0,-0.41133191934457203,2.148150000721216
1.672,0.0,0.0,0.09436919112901558,0.0,0.0,0.5783166308548462,0.0,0.0,0.0,0.0,0.0,0.0,0.0,0.0,0.5,0.0,0.0,0.0,-0.02,0.0,0.0,0.0,51.60688405797102,51.60688405797102,51.60688405797102,51.60688405797102,0.4056308088709844,0.5783166308548462,0.0,0.0,0.0,-0.4056308088709844,2.1451639986480586
1.68,0.0,0.0,0.10038168583003333,0.0,0.0,0.6129656722093206,0.0,0.0,0.0,0.0,0.0,0.0,0.0,0.0,0.5,0.0,0.0,0.0,-0.02,0.0,0.0,0.0,51.60688405797102,51.60688405797102,51.60688405797102,51.60688405797102,0.3996183141699667,0.6129656722093206,0.0,0.0,0.0,-0.3996183141699667,2.0441279993974604
1.688,0.0,0.0,0.10671427696067554,0.0,0.0,0.6486873160335115,0.0,0.0,0.0,0.0,0.0,0.0,0.0,0.0,0.5,0.0,0.0,0.0,-0.02,0.0,0.0,0.0,51.60688405797102,51.60688405797102,51.60688405797102,51.60688405797102,0.39328572303932446,0.6486873160335115,0.0,0.0,0.0,-0.39328572303932446,1.6967539995675907
1.696,0.0,0.0,0.11337570909398131,0.0,0.0,0.6854856561594534,0.0,0.0,0.0,0.0,0.0,0.0,0.0,0.0,0.5,0.0,0.0,0.0,0.0009885044125043096,0.0,0.0,0.0,47.80461876585067,47.80461876585067,47.80461876585067,47.80461876585067,0.3866242909060187,0.6854856561594534,0.0,0.0,0.0,-0.3866242909060187,0.6303059999481775
1.704,0.0,0.0,0.12035639448821937,0.0,0.0,0.7229056597835141,0.0,0.0,0.0,0.0,0.0,0.0,0.0,0.0,0.5,0.0,0.0,0.0,0.02,0.0,0.0,0.0,44.36050724637681,44.36050724637681,44.36050724637681,44.36050724637681,0.3796436055117806,0.7229056597835141,0.0,0.0,0.0,-0.3796436055117806,0.2691269983188249
1.712,0.0,0.0,0.12764680154974126,0.0,0.0,0.7605847043648583,0.0,0.0,0.0,0.0,0.0,0.0,0.0,0.0,0.5,0.0,0.0,0.0,0.02,0.0,0.0,0.0,44.36050724637681,44.36050724637681,44.36050724637681,44.36050724637681,0.3723531984502587,0.7605847043648583,0.0,0.0,0.0,-0.3723531984502587,0.4480090065044351
1.72,0.0,0.0,0.13523745476002774,0.0,0.0,0.7982340937490486,0.0,0.0,0.0,0.0,0.0,0.0,0.0,0.0,0.5,0.0,0.0,0.0,0.02,0.0,0.0,0.0,44.36050724637681,44.36050724637681,44.36050724637681,44.36050724637681,0.36476254523997226,0.7982340937490486,0.0,0.0,0.0,-0.36476254523997226,0.8888500015018508
1.728,0.0,0.0,0.1431189346028301,0.0,0.0,0.8356242710692976,0.0,0.0,0.0,0.0,0.0,0.0,0.0,0.0,0.5,0.0,0.0,0.0,0.02,0.0,0.0,0.0,44.36050724637681,44.36050724637681,44.36050724637681,44.36050724637681,0.3568810653971699,0.8356242710692976,0.0,0.0,0.0,-0.3568810653971699,2.201121002144646
1.736,0.0,0.0,0.1512818774914059,0.0,0.0,0.872572989069833,0.0,0.0,0.0,0.0,0.0,0.0,0.0,0.0,0.5,0.0,0.0,0.0,0.02,0.0,0.0,0.0,44.36050724637681,44.36050724637681,44.36050724637681,44.36050724637681,0.34871812250859413,0.872572989069833,0.0,0.0,0.0,-0.34871812250859413,2.341010003874544
1.744,0.0,0.0,0.15971697569584956,0.0,0.0,0.9089358463669577,0.0,0.0,0.0,0.0,0.0,0.0,0.0,0.0,0.5,0.0,0.0,0.0,0.02,0.0,0.0,0.0,44.36050724637681,44.36050724637681,44.36050724637681,44.36050724637681,0.34028302430415047,0.9089358463669577,0.0,0.0,0.0,-0.34028302430415047,2.4774069970590062
1.752,0.0,0.0,0.16841497727051702,0.0,0.0,0.9445987164602526,0.0,0.0,0.0,0.0,0.0,0.0,0.0,0.0,0.5,0.0,0.0,0.0,0.02,0.0,0.0,0.0,44.36050724637681,44.36050724637681,44.36050724637681,44.36050724637681,0.331585022729483,0.9445987164602526,0.0,0.0,0.0,-0.331585022729483,2.255644998513162
1.76,0.0,0.0,0.17736668598154506,0.0,0.0,0.979471690943903,0.0,0.0,0.0,0.0,0.0,0.0,0.0,0.0,0.5,0.0,0.0,0.0,0.02,0.0,0.0,0.0,44.36050724637681,44.36050724637681,44.36050724637681,44.36050724637681,0.32263331401845496,0.979471690943903,0.0,0.0,0.0,-0.32263331401845496,2.4508760034223087
1.768,0.0,0.0,0.18656296123446447,0.0,0.0,1.0134842340781076,0.0,0.0,0.0,0.0,0.0,0.0,0.0,0.0,0.5,0.0,0.0,0.0,0.02,0.0,0.0,0.0,44.36050724637681,44.36050724637681,44.36050724637681,44.36050724637681,0.3134370387655355,1.0134842340781076,0.0,0.0,0.0,-0.3134370387655355,2.346045002923347
1.776,0.0,0.0,0.1959947180019075,0.0,0.0,1.0465813064485612,0.0,0.0,0.0,0.0,0.0,0.0,0.0,0.0,0.5,0.0,0.0,0.0,0.02,0.0,0.0,0.0,44.36050724637681,44.36050724637681,44.36050724637681,44.36050724637681,0.3040052819980925,1.0465813064485612,0.0,0.0,0.0,-0.3040052819980925,2.2473110002465546
1.784,0.0,0.0,0.20565292675140912,0.0,0.0,1.0787202638963895,0.0,0.0,0.0,0.0,0.0,0.0,0.0,0.0,0.5,0.0,0.0,0.0,0.02,0.0,0.0,0.0,44.36050724637681,44.36050724637681,44.36050724637681,44.36050724637681,0.2943470732485909,1.0787202638963895,0.0,0.0,0.0,-0.2943470732485909,2.2214739947230555
1.792,0.0,0.0,0.21552861337330215,0.0,0.0,1.1098683766644373,0.0,0.0,0.0,0.0,0.0,0.0,0.0,0.0,0.5,0.0,0.0,0.0,0.02,0.0,0.0,0.0,44.36050724637681,44.36050724637681,44.36050724637681,44.36050724637681,0.28447138662669785,1.1098683766644373,0.0,0.0,0.0,-0.28447138662669785,2.257815998746082
1.8,0.0,0.0,0.22561285910870607,0.0,0.0,1.1400008447166479,0.0,0.0,0.0,0.0,0.0,0.0,0.0,0.0,0.5,0.0,0.0,0.0,0.02,0.0,0.0,0.0,44.36050724637681,44.36050724637681,44.36050724637681,44.36050724637681,0.2743871408912939,1.1400008447166479,0.0,0.0,0.0,-0.2743871408912939,2.261781002744101
1.808,0.0,0.0,0.2358968004776093,0.0,0.0,1.169099209995899,0.0,0.0,0.0,0.0,0.0,0.0,0.0,0.0,0.5,0.0,0.0,0.0,0.02,0.0,0.0,0.0,44.36050724637681,44.36050724637681,44.36050724637681,44.36050724637681,0.2641031995223907,1.169099209995899,0.0,0.0,0.0,-0.2641031995223907,2.397028998530004
1.816,0.0,0.0,0.2463716292070451,0.0,0.0,1.1971500862326143,0.0,0.0,0.0,0.0,0.0,0.0,0.0,0.0,0.5,0.0,0.0,0.0,0.02,0.0,0.0,0.0,44.36050724637681,44.36050724637681,44.36050724637681,44.36050724637681,0.25362837079295486,1.1971500862326143,0.0,0.0,0.0,-0.25362837079295486,2.559888001997024
1.824,0.0,0.0,0.25702859215936064,0.0,0.0,1.2241441427939794,0.0,0.0,0.0,0.0,0.0,0.0,0.0,0.0,0.5,0.0,0.0,0.0,0.02,0.0,0.0,0.0,44.36050724637681,44.36050724637681,44.36050724637681,44.36050724637681,0.24297140784063936,1.2241441427939794,0.0,0.0,0.0,-0.24297140784063936,2.3043219989631325
1.832,0.0,0.0,0.26785899126057927,0.0,0.0,1.2500752917656492,0.0,0.0,0.0,0.0,0.0,0.0,0.0,0.0,0.5,0.0,0.0,0.0,0.02,0.0,0.0,0.0,44.36050724637681,44.36050724637681,44.36050724637681,44.36050724637681,0.23214100873942073,1.2500752917656492,0.0,0.0,0.0,-0.23214100873942073,2.2658629968645982
1.84,0.0,0.0,0.278854183428856,0.0,0.0,1.274940037619437,0.0,0.0,0.0,0.0,0.0,0.0,0.0,0.0,0.5,0.0,0.0,0.0,0.02,0.0,0.0,0.0,44.36050724637681,44.36050724637681,44.36050724637681,44.36050724637681,0.22114581657114402,1.274940037619437,0.0,0.0,0.0,-0.22114581657114402,2.5148839995381422
1.848,0.0,0.0,0.2900055805030259,0.0,0.0,1.298736956949797,0.0,0.0,0.0,0.0,0.0,0.0,0.0,0.0,0.5,0.0,0.0,0.0,0.02,0.0,0.0,0.0,44.36050724637681,44.36050724637681,44.36050724637681,44.36050724637681,0.20999441949697412,1.298736956949797,0.0,0.0,0.0,-0.20999441949697412,2.2435869977925904
1.856,0.0,0.0,0.3013046491712451,0.0,0.0,1.3214662822653183,0.0,0.0,0.0,0.0,0.0,0.0,0.0,0.0,0.5,0.0,0.0,0.0,0.02,0.0,0.0,0.0,44.36050724637681,44.36050724637681,44.36050724637681,44.36050724637681,0.1986953508287549,1.3214662822653183,0.0,0.0,0.0,-0.1986953508287549,2.2639270027866587
1.864,0.0,0.0,0.31274291089972506,0.0,0.0,1.3431295690242533,0.0,0.0,0.0,0.0,0.0,0.0,0.0,0.0,0.5,0.0,0.0,0.0,0.02,0.0,0.0,0.0,44.36050724637681,44.36050724637681,44.36050724637681,44.36050724637681,0.18725708910027494,1.3431295690242533,0.0,0.0,0.0,-0.18725708910027494,2.2583739992114715
1.872,0.0,0.0,0.32431194186155865,0.0,0.0,1.3637294292652422,0.0,0.0,0.0,0.0,0.0,0.0,0.0,0.0,0.5,0.0,0.0,0.0,0.02,0.0,0.0,0.0,44.36050724637681,44.36050724637681,44.36050724637681,44.36050724637681,0.17568805813844135,1.3637294292652422,0.0,0.0,0.0,-0.17568805813844135,2.1602650012937374
1.8800000000000001,0.0,0.0,0.3360033728656394,0.0,0.0,1.3832693185142126,0.0,0.0,0.0,0.0,0.0,0.0,0.0,0.0,0.5,0.0,0.0,0.0,0.02,0.0,0.0,0.0,44.36050724637681,44.36050724637681,44.36050724637681,44.36050724637681,0.16399662713436058,1.3832693185142126,0.0,0.0,0.0,-0.16399662713436058,2.12786000338383
1.8880000000000001,0.0,0.0,0.3478088892856729,0.0,0.0,1.4017533653122067,0.0,0.0,0.0,0.0,0.0,0.0,0.0,0.0,0.5,0.0,0.0,0.0,0.02,0.0,0.0,0.0,44.36050724637681,44.36050724637681,44.36050724637681,44.36050724637681,0.15219111071432712,1.4017533653122067,0.0,0.0,0.0,-0.15219111071432712,2.2079940026742406
1.8960000000000001,0.0,0.0,0.35972023098928013,0.0,0.0,1.4191862348399464,0.0,0.0,0.0,0.0,0.0,0.0,0.0,0.0,0.5,0.0,0.0,0.0,0.02,0.0,0.0,0.0,44.36050724637681,44.36050724637681,44.36050724637681,44.36050724637681,0.14027976901071987,1.4191862348399464,0.0,0.0,0.0,-0.14027976901071987,2.2622239994234405
1.9040000000000001,0.0,0.0,0.37173458328705694,0.0,0.0,1.435707795316377,0.0,0.0,0.0,0.0,0.0,0.0,0.0,0.0,0.5,0.0,0.0,0.0,0.02,0.0,0.0,0.0,44.36050724637681,44.36050724637681,44.36050724637681,44.36050724637681,0.12826541671294306,1.435707795316377,0.0,0.0,0.0,-0.12826541671294306,2.2765629983041435
1.9120000000000001,0.0,0.0,0.3838518123366579,0.0,0.0,1.451496962493125,0.0,0.0,0.0,0.0,0.0,0.0,0.0,0.0,0.5,0.0,0.0,0.0,0.02,0.0,0.0,0.0,44.36050724637681,44.36050724637681,44.36050724637681,44.36050724637681,0.11614818766334212,1.451496962493125,0.0,0.0,0.0,-0.11614818766334212,2.197053996496834
1.92,0.0,0.0,0.3960717844696398,0.0,0.0,1.4666968733190564,0.0,0.0,0.0,0.0,0.0,0.0,0.0,0.0,0.5,0.0,0.0,0.0,0.02,0.0,0.0,0.0,44.36050724637681,44.36050724637681,44.36050724637681,44.36050724637681,0.10392821553036019,1.4666968733190564,0.0,0.0,0.0,-0.10392821553036019,2.267210998979863
1.928,0.0,0.0,0.4083943661912358,0.0,0.0,1.481422041695145,0.0,0.0,0.0,0.0,0.0,0.0,0.0,0.0,0.5,0.0,0.0,0.0,0.02,0.0,0.0,0.0,44.36050724637681,44.36050724637681,44.36050724637681,44.36050724637681,0.09160563380876419,1.481422041695145,0.0,0.0,0.0,-0.09160563380876419,2.174263005144894
1.936,0.0,0.0,0.4208194241801297,0.0,0.0,1.4957640830784624,0.0,0.0,0.0,0.0,0.0,0.0,0.0,0.0,0.5,0.0,0.0,0.0,0.02,0.0,0.0,0.0,44.36050724637681,44.36050724637681,44.36050724637681,44.36050724637681,0.07918057581987031,1.4957640830784624,0.0,0.0,0.0,-0.07918057581987031,2.0992990030208603
1.944,0.0,0.0,0.43334682528823043,0.0,0.0,1.5097962941652883,0.0,0.0,0.0,0.0,0.0,0.0,0.0,0.0,0.5,0.0,0.0,0.0,0.02,0.0,0.0,0.0,44.36050724637681,44.36050724637681,44.36050724637681,44.36050724637681,0.06665317471176957,1.5097962941652883,0.0,0.0,0.0,-0.06665317471176957,2.217135996033903
1.952,0.0,0.0,0.4459764365404472,0.0,0.0,1.5235773166376503,0.0,0.0,0.0,0.0,0.0,0.0,0.0,0.0,0.5,0.0,0.0,0.0,0.02,0.0,0.0,0.0,44.36050724637681,44.36050724637681,44.36050724637681,44.36050724637681,0.05402356345955278,1.5235773166376503,0.0,0.0,0.0,-0.05402356345955278,2.2219230013433844
1.96,0.0,0.0,0.45870812513446474,0.0,0.0,1.537154068160558,0.0,0.0,0.0,0.0,0.0,0.0,0.0,0.0,0.5,0.0,0.0,0.0,0.02,0.0,0.0,0.0,44.36050724637681,44.36050724637681,44.36050724637681,44.36050724637681,0.04129187486553526,1.537154068160558,0.0,0.0,0.0,-0.04129187486553526,2.13189499481814
1.968,0.0,0.0,0.4715417584405185,0.0,0.0,1.5505640871797899,0.0,0.0,0.0,0.0,0.0,0.0,0.0,0.0,0.5,0.0,0.0,0.0,0.02,0.0,0.0,0.0,44.36050724637681,44.36050724637681,44.36050724637681,44.36050724637681,0.028458241559481512,1.5505640871797899,0.0,0.0,0.0,-0.028458241559481512,2.259928995044902
1.976,0.0,0.0,0.4844772040011708,0.0,0.0,1.563837408760139,0.0,0.0,0.0,0.0,0.0,0.0,0.0,0.0,0.5,0.0,0.0,0.0,0.02,0.0,0.0,0.0,44.36050724637681,44.36050724637681,44.36050724637681,44.36050724637681,0.01552279599882922,1.563837408760139,0.0,0.0,0.0,-0.01552279599882922,2.0680290035670623
1.984,0.0,0.0,0.49751432953108665,0.0,0.0,1.5769980652560078,0.0,0.0,0.0,0.0,0.0,0.0,0.0,0.0,0.5,0.0,0.0,0.0,0.02,0.0,0.0,0.0,44.36050724637681,44.36050724637681,44.36050724637681,44.36050724637681,0.002485670468913348,1.5769980652560078,0.0,0.0,0.0,-0.002485670468913348,2.2145289985928684
1.992,0.0,0.0,0.5106530029168105,0.0,0.0,1.5900652868479017,0.0,0.0,0.0,0.0,0.0,0.0,0.0,0.0,0.5,0.0,0.0,0.0,0.02,0.0,0.0,0.0,44.36050724637681,44.36050724637681,44.36050724637681,44.36050724637681,0.010653002916810483,1.5900652868479017,0.0,0.0,0.0,0.010653002916810483,2.1074190008221194
2.0,0.0,0.0,0.5238930922165425,0.0,0.0,1.6030544619716205,0.0,0.0,0.0,0.0,0.0,0.0,0.0,0.0,0.5,0.0,0.0,0.0,0.02,0.0,0.0,0.0,44.36050724637681,44.36050724637681,44.36050724637681,44.36050724637681,0.023893092216542455,1.6030544619716205,0.0,0.0,0.0,0.023893092216542455,2.2301299977698363
2.008,0.0,0.0,0.5372344656599156,0.0,0.0,1.6159779056616252,0.0,0.0,0.0,0.0,0.0,0.0,0.0,0.0,0.5,0.0,0.0,0.0,0.02,0.0,0.0,0.0,44.36050724637681,44.36050724637681,44.36050724637681,44.36050724637681,0.037234465659915617,1.6159779056616252,0.0,0.0,0.0,0.037234465659915617,2.254995000839699
2.016,0.0,0.0,0.5506769916477731,0.0,0.0,1.6288454742257361,0.0,0.0,0.0,0.0,0.0,0.0,0.0,0.0,0.5,0.0,0.0,0.0,0.02,0.0,0.0,0.0,44.36050724637681,44.36050724637681,44.36050724637681,44.36050724637681,0.05067699164777306,1.6288454742257361,0.0,0.0,0.0,0.05067699164777306,2.139019998139702
2.024,0.0,0.0,0.5642205387519457,0.0,0.0,1.6416650569849038,0.0,0.0,0.0,0.0,0.0,0.0,0.0,0.0,0.5,0.0,0.0,0.0,0.02,0.0,0.0,0.0,44.36050724637681,44.36050724637681,44.36050724637681,44.36050724637681,0.06422053875194567,1.6416650569849038,0.0,0.0,0.0,0.06422053875194567,2.2290880006039515
2.032,0.0,0.0,0.5778649757150297,0.0,0.0,1.6544429696650238,0.0,0.0,0.0,0.0,0.0,0.0,0.0,0.0,0.5,0.0,0.0,0.0,0.02,0.0,0.0,0.0,44.36050724637681,44.36050724637681,44.36050724637681,44.36050724637681,0.0778649757150297,1.6544429696650238,0.0,0.0,0.0,0.0778649757150297,2.103788996464573
2.04,0.0,0.0,0.5916101714501651,0.0,0.0,1.6671842691104048,0.0,0.0,0.0,0.0,0.0,0.0,0.0,0.0,0.5,0.0,0.0,0.0,0.02,0.0,0.0,0.0,44.36050724637681,44.36050724637681,44.36050724637681,44.36050724637681,0.09161017145016515,1.6671842691104048,0.0,0.0,0.0,0.09161017145016515,2.2025020007276908
2.048,0.0,0.0,0.6054559950408138,0.0,0.0,1.6798930050545406,0.0,0.0,0.0,0.0,0.0,0.0,0.0,0.0,0.5,0.0,0.0,0.0,0.02,0.0,0.0,0.0,44.36050724637681,44.36050724637681,44.36050724637681,44.36050724637681,0.10545599504081382,1.6798930050545406,0.0,0.0,0.0,0.10545599504081382,2.2126149997347966
2.056,0.0,0.0,0.6194023157405385,0.0,0.0,1.6925724215367492,0.0,0.0,0.0,0.0,0.0,0.0,0.0,0.0,0.5,0.0,0.0,0.0,0.02,0.0,0.0,0.0,44.36050724637681,44.36050724637681,44.36050724637681,44.36050724637681,0.1194023157405385,1.6925724215367492,0.0,0.0,0.0,0.1194023157405385,2.1219320042291656
2.064,0.0,0.0,0.6334490029727815,0.0,0.0,1.7052251180354743,0.0,0.0,0.0,0.0,0.0,0.0,0.0,0.0,0.5,0.0,0.0,0.0,0.02,0.0,0.0,0.0,44.36050724637681,44.36050724637681,44.36050724637681,44.36050724637681,0.1334490029727815,1.7052251180354743,0.0,0.0,0.0,0.1334490029727815,2.2440780012402683
2.072,0.0,0.0,0.6475959263306441,0.0,0.0,1.7178531783749444,0.0,0.0,0.0,0.0,0.0,0.0,0.0,0.0,0.5,0.0,0.0,0.0,0.02,0.0,0.0,0.0,44.36050724637681,44.36050724637681,44.36050724637681,44.36050724637681,0.1475959263306441,1.7178531783749444,0.0,0.0,0.0,0.1475959263306441,2.137864998076111
2.08,0.0,0.0,0.6618429555766663,0.0,0.0,1.7304582738505097,0.0,0.0,0.0,0.0,0.0,0.0,0.0,0.0,0.5,0.0,0.0,0.0,0.02,0.0,0.0,0.0,44.36050724637681,44.36050724637681,44.36050724637681,44.36050724637681,0.16184295557666628,1.7304582738505097,0.0,0.0,0.0,0.16184295557666628,2.160361000278499
2.088,0.0,0.0,0.6761899606426063,0.0,0.0,1.7430417457289076,0.0,0.0,0.0,0.0,0.0,0.0,0.0,0.0,0.5,0.0,0.0,0.0,0.02,0.0,0.0,0.0,44.36050724637681,44.36050724637681,44.36050724637681,44.36050724637681,0.17618996064260628,1.7430417457289076,0.0,0.0,0.0,0.17618996064260628,2.099582998198457
2.096,0.0,0.0,0.690636811629221,0.0,0.0,1.7556046712484932,0.0,0.0,0.0,0.0,0.0,0.0,0.0,0.0,0.5,0.0,0.0,0.0,0.02,0.0,0.0,0.0,44.36050724637681,44.36050724637681,44.36050724637681,44.36050724637681,0.19063681162922097,1.7556046712484932,0.0,0.0,0.0,0.19063681162922097,2.1969820008962415
2.104,0.0,0.0,0.7051833788060461,0.0,0.0,1.7681479164194223,0.0,0.0,0.0,0.0,0.0,0.0,0.0,0.0,0.5,0.0,0.0,0.0,0.02,0.0,0.0,0.0,44.36050724637681,44.36050724637681,44.36050724637681,44.36050724637681,0.2051833788060461,1.7681479164194223,0.0,0.0,0.0,0.2051833788060461,2.12619399826508
2.112,0.0,0.0,0.719829532611177,0.0,0.0,1.7806721782638102,0.0,0.0,0.0,0.0,0.0,0.0,0.0,0.0,0.5,0.0,0.0,0.0,0.02,0.0,0.0,0.0,44.36050724637681,44.36050724637681,44.36050724637681,44.36050724637681,0.219829532611177,1.7806721782638102,0.0,0.0,0.0,0.219829532611177,2.2426050054491498
2.12,0.0,0.0,0.7345751436510498,0.0,0.0,1.7931780186078683,0.0,0.0,0.0,0.0,0.0,0.0,0.0,0.0,0.5,0.0,0.0,0.0,0.02,0.0,0.0,0.0,44.36050724637681,44.36050724637681,44.36050724637681,44.36050724637681,0.2345751436510498,1.7931780186078683,0.0,0.0,0.0,0.2345751436510498,2.28633400547551
2.128,0.0,0.0,0.7494200827002224,0.0,0.0,1.8056658911156096,0.0,0.0,0.0,0.0,0.0,0.0,0.0,0.0,0.5,0.0,0.0,0.0,0.02,0.0,0.0,0.0,44.36050724637681,44.36050724637681,44.36050724637681,44.36050724637681,0.24942008270022242,1.8056658911156096,0.0,0.0,0.0,0.24942008270022242,2.115113995387219
2.136,0.0,0.0,0.7643642207011563,0.0,0.0,1.8181361629158341,0.0,0.0,0.0,0.0,0.0,0.0,0.0,0.0,0.5,0.0,0.0,0.0,0.02,0.0,0.0,0.0,44.36050724637681,44.36050724637681,44.36050724637681,44.36050724637681,0.2643642207011563,1.8181361629158341,0.0,0.0,0.0,0.2643642207011563,2.0503039995674044
2.144,0.0,0.0,0.7794074287639982,0.0,0.0,1.830589131903714,0.0,0.0,0.0,0.0,0.0,0.0,0.0,0.0,0.5,0.0,0.0,0.0,0.02,0.0,0.0,0.0,44.36050724637681,44.36050724637681,44.36050724637681,44.36050724637681,0.27940742876399816,1.830589131903714,0.0,0.0,0.0,0.27940742876399816,2.1298450010363013
2.152,0.0,0.0,0.7945495781663622,0.0,0.0,1.8430250405820714,0.0,0.0,0.0,0.0,0.0,0.0,0.0,0.0,0.5,0.0,0.0,0.0,0.02,0.0,0.0,0.0,44.36050724637681,44.36050724637681,44.36050724637681,44.36050724637681,0.2945495781663622,1.8430250405820714,0.0,0.0,0.0,0.2945495781663622,2.2048760001780465
2.16,0.0,0.0,0.8097905403531124,0.0,0.0,1.8554440871344116,0.0,0.0,0.0,0.0,0.0,0.0,0.0,0.0,0.5,0.0,0.0,0.0,0.02,0.0,0.0,0.0,44.36050724637681,44.36050724637681,44.36050724637681,44.36050724637681,0.3097905403531124,1.8554440871344116,0.0,0.0,0.0,0.3097905403531124,2.240964000520762
2.168,0.0,0.0,0.8251301869361454,0.0,0.0,1.8678464342833538,0.0,0.0,0.0,0.0,0.0,0.0,0.0,0.0,0.5,0.0,0.0,0.0,0.02,0.0,0.0,0.0,44.36050724637681,44.36050724637681,44.36050724637681,44.36050724637681,0.32513018693614537,1.8678464342833538,0.0,0.0,0.0,0.32513018693614537,2.2973020022618584
2.176,0.0,0.0,0.8405683896941731,0.0,0.0,1.8802322163773768,0.0,0.0,0.0,0.0,0.0,0.0,0.0,0.0,0.5,0.0,0.0,0.0,0.02,0.0,0.0,0.0,44.36050724637681,44.36050724637681,44.36050724637681,44.36050724637681,0.34056838969417313,1.8802322163773768,0.0,0.0,0.0,0.34056838969417313,2.3013340032775886
2.184,0.0,0.0,0.8561050205725066,0.0,0.0,1.8926015450602376,0.0,0.0,0.0,0.0,0.0,0.0,0.0,0.0,0.5,0.0,0.0,0.0,0.02,0.0,0.0,0.0,44.36050724637681,44.36050724637681,44.36050724637681,44.36050724637681,0.3561050205725066,1.8926015450602376,0.0,0.0,0.0,0.3561050205725066,2.1649999980581924
2.192,0.0,0.0,0.8717399516828388,0.0,0.0,1.904954513806495,0.0,0.0,0.0,0.0,0.0,0.0,0.0,0.0,0.5,0.0,0.0,0.0,0.02,0.0,0.0,0.0,44.36050724637681,44.36050724637681,44.36050724637681,44.36050724637681,0.3717399516828388,1.904954513806495,0.0,0.0,0.0,0.3717399516828388,2.213910993305035
2.2,0.0,0.0,0.8874730553030291,0.0,0.0,1.9172912015499535,0.0,0.0,0.0,0.0,0.0,0.0,0.0,0.0,0.5,0.0,0.0,0.0,0.02,0.0,0.0,0.0,44.36050724637681,44.36050724637681,44.36050724637681,44.36050724637681,0.3874730553030291,1.9172912015499535,0.0,0.0,0.0,0.3874730553030291,2.1167199956835248
2.208,0.0,0.0,0.9033042038768869,0.0,0.0,1.9296116755864077,0.0,0.0,0.0,0.0,0.0,0.0,0.0,0.0,0.5,0.0,0.0,0.0,0.02,0.0,0.0,0.0,44.36050724637681,44.36050724637681,44.36050724637681,44.36050724637681,0.4033042038768869,1.9296116755864077,0.0,0.0,0.0,0.4033042038768869,2.097932003380265
2.216,0.0,0.0,0.9192332700139564,0.0,0.0,1.9419159938958623,0.0,0.0,0.0,0.0,0.0,0.0,0.0,0.0,0.5,0.0,0.0,0.0,0.02,0.0,0.0,0.0,44.36050724637681,44.36050724637681,44.36050724637681,44.36050724637681,0.4192332700139564,1.9419159938958623,0.0,0.0,0.0,0.4192332700139564,2.260221997858025
2.224,0.0,0.0,0.9352601264893009,0.0,0.0,1.9542042070003025,0.0,0.0,0.0,0.0,0.0,0.0,0.0,0.0,0.5,0.0,0.0,0.0,0.02,0.0,0.0,0.0,44.36050724637681,44.36050724637681,44.36050724637681,44.36050724637681,0.4352601264893009,1.9542042070003025,0.0,0.0,0.0,0.4352601264893009,2.2713829966960475
2.232,0.0,0.0,0.9513846462432879,0.0,0.0,1.9664763594499166,0.0,0.0,0.0,0.0,0.0,0.0,0.0,0.0,0.5,0.0,0.0,0.0,0.02,0.0,0.0,0.0,44.36050724637681,44.36050724637681,44.36050724637681,44.36050724637681,0.4513846462432879,1.9664763594499166,0.0,0.0,0.0,0.4513846462432879,2.242570000817068
2.24,0.0,0.0,0.9676067023813744,0.0,0.0,1.978732491012095,0.0,0.0,0.0,0.0,0.0,0.0,0.0,0.0,0.5,0.0,0.0,0.0,0.02,0.0,0.0,0.0,44.36050724637681,44.36050724637681,44.36050724637681,44.36050724637681,0.46760670238137436,1.978732491012095,0.0,0.0,0.0,0.46760670238137436,2.2159920044941828
2.248,0.0,0.0,0.9839261681738922,0.0,0.0,1.9909726376226222,0.0,0.0,0.0,0.0,0.0,0.0,0.0,0.0,0.5,0.0,0.0,0.0,0.02,0.0,0.0,0.0,44.36050724637681,44.36050724637681,44.36050724637681,44.36050724637681,0.4839261681738922,1.9909726376226222,0.0,0.0,0.0,0.4839261681738922,2.1721640005125664
2.2560000000000002,0.0,0.0,1.000342917055834,0.0,0.0,2.003196832146642,0.0,0.0,0.0,0.0,0.0,0.0,0.0,0.0,0.5,0.0,0.0,0.0,0.02,0.0,0.0,0.0,44.36050724637681,44.36050724637681,44.36050724637681,44.36050724637681,0.500342917055834,2.003196832146642,0.0,0.0,0.0,0.500342917055834,15.090649998455774
2.2640000000000002,0.0,0.0,1.016856822626639,0.0,0.0,2.0154051049874386,0.0,0.0,0.0,0.0,0.0,0.0,0.0,0.0,0.5,0.0,0.0,0.0,0.02,0.0,0.0,0.0,44.36050724637681,44.36050724637681,44.36050724637681,44.36050724637681,0.516856822626639,2.0154051049874386,0.0,0.0,0.0,0.516856822626639,15.209864999633282
2.2720000000000002,0.0,0.0,1.0334677586499799,0.0,0.0,2.027597484573472,0.0,0.0,0.0,0.0,0.0,0.0,0.0,0.0,0.5,0.0,0.0,0.0,0.02,0.0,0.0,0.0,44.36050724637681,44.36050724637681,44.36050724637681,44.36050724637681,0.5334677586499799,2.027597484573472,0.0,0.0,0.0,0.5334677586499799,14.496620002319105
2.2800000000000002,0.0,0.0,1.0501755990535484,0.0,0.0,2.039773997747991,0.0,0.0,0.0,0.0,0.0,0.0,0.0,0.0,0.5,0.0,0.0,0.0,0.02,0.0,0.0,0.0,44.36050724637681,44.36050724637681,44.36050724637681,44.36050724637681,0.5501755990535484,2.039773997747991,0.0,0.0,0.0,0.5501755990535484,15.12644199829083
2.2880000000000003,0.0,0.0,1.0669802179288435,0.0,0.0,2.051934670080769,0.0,0.0,0.0,0.0,0.0,0.0,0.0,0.0,0.5,0.0,0.0,0.0,0.02,0.0,0.0,0.0,44.36050724637681,44.36050724637681,44.36050724637681,44.36050724637681,0.5669802179288435,2.051934670080769,0.0,0.0,0.0,0.5669802179288435,14.991839998401701
2.2960000000000003,0.0,0.0,1.0838814895309574,0.0,0.0,2.064079526117464,0.0,0.0,0.0,0.0,0.0,0.0,0.0,0.0,0.5,0.0,0.0,0.0,0.02,0.0,0.0,0.0,44.36050724637681,44.36050724637681,44.36050724637681,44.36050724637681,0.5838814895309574,2.064079526117464,0.0,0.0,0.0,0.5838814895309574,15.290452000044752
2.3040000000000003,0.0,0.0,1.100879288278364,0.0,0.0,2.0762085895791356,0.0,0.0,0.0,0.0,0.0,0.0,0.0,0.0,0.5,0.0,0.0,0.0,0.02,0.0,0.0,0.0,44.36050724637681,44.36050724637681,44.36050724637681,44.36050724637681,0.600879288278364,2.0762085895791356,0.0,0.0,0.0,0.600879288278364,15.14973099983763
2.312,0.0,0.0,1.1179734887527057,0.0,0.0,2.0883218835218753,0.0,0.0,0.0,0.0,0.0,0.0,0.0,0.0,0.5,0.0,0.0,0.0,0.02,0.0,0.0,0.0,44.36050724637681,44.36050724637681,44.36050724637681,44.36050724637681,0.6179734887527057,2.0883218835218753,0.0,0.0,0.0,0.6179734887527057,16.296294998028316
2.32,0.0,0.0,1.135163965698582,0.0,0.0,2.100419430464404,0.0,0.0,0.0,0.0,0.0,0.0,0.0,0.0,0.5,0.0,0.0,0.0,0.02,0.0,0.0,0.0,44.36050724637681,44.36050724637681,44.36050724637681,44.36050724637681,0.6351639656985819,2.100419430464404,0.0,0.0,0.0,0.6351639656985819,15.150674000324216
2.328,0.0,0.0,1.1524505940233374,0.0,0.0,2.11250125249041,0.0,0.0,0.0,0.0,0.0,0.0,0.0,0.0,0.5,0.0,0.0,0.0,0.02,0.0,0.0,0.0,44.36050724637681,44.36050724637681,44.36050724637681,44.36050724637681,0.6524505940233374,2.11250125249041,0.0,0.0,0.0,0.6524505940233374,15.119662006327417
2.336,0.0,0.0,1.1698332487968501,0.0,0.0,2.1245673713301465,0.0,0.0,0.0,0.0,0.0,0.0,0.0,0.0,0.5,0.0,0.0,0.0,0.02,0.0,0.0,0.0,44.36050724637681,44.36050724637681,44.36050724637681,44.36050724637681,0.6698332487968501,2.1245673713301465,0.0,0.0,0.0,0.6698332487968501,15.200891997665167
2.344,0.0,0.0,1.1873118052513212,0.0,0.0,2.136617808425893,0.0,0.0,0.0,0.0,0.0,0.0,0.0,0.0,0.5,0.0,0.0,0.0,0.02,0.0,0.0,0.0,44.36050724637681,44.36050724637681,44.36050724637681,44.36050724637681,0.6873118052513212,2.136617808425893,0.0,0.0,0.0,0.6873118052513212,15.033322000817861
2.352,0.0,0.0,1.204886138781063,0.0,0.0,2.1486525849842595,0.0,0.0,0.0,0.0,0.0,0.0,0.0,0.0,0.5,0.0,0.0,0.0,0.02,0.0,0.0,0.0,44.36050724637681,44.36050724637681,44.36050724637681,44.36050724637681,0.704886138781063,2.1486525849842595,0.0,0.0,0.0,0.704886138781063,15.33154099888634
2.36,0.0,0.0,1.2225561249422892,0.0,0.0,2.1606717220180616,0.0,0.0,0.0,0.0,0.0,0.0,0.0,0.0,0.5,0.0,0.0,0.0,0.02,0.0,0.0,0.0,44.36050724637681,44.36050724637681,44.36050724637681,44.36050724637681,0.7225561249422892,2.1606717220180616,0.0,0.0,0.0,0.7225561249422892,15.591354000207502
2.368,0.0,0.0,1.2403216394529035,0.0,0.0,2.172675240379808,0.0,0.0,0.0,0.0,0.0,0.0,0.0,0.0,0.5,0.0,0.0,0.0,0.02,0.0,0.0,0.0,44.36050724637681,44.36050724637681,44.36050724637681,44.36050724637681,0.7403216394529035,2.172675240379808,0.0,0.0,0.0,0.7403216394529035,15.12727299996186
2.376,0.0,0.0,1.258182558192291,0.0,0.0,2.1846631607885323,0.0,0.0,0.0,0.0,0.0,0.0,0.0,0.0,0.5,0.0,0.0,0.0,0.02,0.0,0.0,0.0,44.36050724637681,44.36050724637681,44.36050724637681,44.36050724637681,0.758182558192291,2.1846631607885323,0.0,0.0,0.0,0.758182558192291,15.361954996478744
2.384,0.0,0.0,1.2761387572011067,0.0,0.0,2.196635503851219,0.0,0.0,0.0,0.0,0.0,0.0,0.0,0.0,0.5,0.0,0.0,0.0,0.02,0.0,0.0,0.0,44.36050724637681,44.36050724637681,44.36050724637681,44.36050724637681,0.7761387572011067,2.196635503851219,0.0,0.0,0.0,0.7761387572011067,14.96740600123303
2.392,0.0,0.0,1.2941901126810673,0.0,0.0,2.2085922900799906,0.0,0.0,0.0,0.0,0.0,0.0,0.0,0.0,0.5,0.0,0.0,0.0,0.02,0.0,0.0,0.0,44.36050724637681,44.36050724637681,44.36050724637681,44.36050724637681,0.7941901126810673,2.2085922900799906,0.0,0.0,0.0,0.7941901126810673,14.54754600126762
2.4,0.0,0.0,1.3123365009947414,0.0,0.0,2.2205335399058446,0.0,0.0,0.0,0.0,0.0,0.0,0.0,0.0,0.5,0.0,0.0,0.0,0.02,0.0,0.0,0.0,44.36050724637681,44.36050724637681,44.36050724637681,44.36050724637681,0.8123365009947414,2.2205335399058446,0.0,0.0,0.0,0.8123365009947414,15.24299999437062
2.408,0.0,0.0,1.3305777986653404,0.0,0.0,2.2324592736896505,0.0,0.0,0.0,0.0,0.0,0.0,0.0,0.0,0.5,0.0,0.0,0.0,0.02,0.0,0.0,0.0,44.36050724637681,44.36050724637681,44.36050724637681,44.36050724637681,0.8305777986653404,2.2324592736896505,0.0,0.0,0.0,0.8305777986653404,15.42425300431205
2.416,0.0,0.0,1.34891388237651,0.0,0.0,2.2443695117309623,0.0,0.0,0.0,0.0,0.0,0.0,0.0,0.0,0.5,0.0,0.0,0.0,0.02,0.0,0.0,0.0,44.36050724637681,44.36050724637681,44.36050724637681,44.36050724637681,0.8489138823765101,2.2443695117309623,0.0,0.0,0.0,0.8489138823765101,15.178476001892705
2.424,0.0,0.0,1.3673446289721216,0.0,0.0,2.256264274275057,0.0,0.0,0.0,0.0,0.0,0.0,0.0,0.0,0.5,0.0,0.0,0.0,0.02,0.0,0.0,0.0,44.36050724637681,44.36050724637681,44.36050724637681,44.36050724637681,0.8673446289721216,2.256264274275057,0.0,0.0,0.0,0.8673446289721216,15.1781629974721
2.432,0.0,0.0,1.385869915456064,0.0,0.0,2.2681435815186073,0.0,0.0,0.0,0.0,0.0,0.0,0.0,0.0,0.5,0.0,0.0,0.0,0.02,0.0,0.0,0.0,44.36050724637681,44.36050724637681,44.36050724637681,44.36050724637681,0.8858699154560641,2.2681435815186073,0.0,0.0,0.0,0.8858699154560641,15.285266999853775
2.44,0.0,0.0,1.404489618992036,0.0,0.0,2.280007453614182,0.0,0.0,0.0,0.0,0.0,0.0,0.0,0.0,0.5,0.0,0.0,0.0,0.02,0.0,0.0,0.0,44.36050724637681,44.36050724637681,44.36050724637681,44.36050724637681,0.904489618992036,2.280007453614182,0.0,0.0,0.0,0.904489618992036,15.055240997753572
2.448,0.0,0.0,1.4232036169033382,0.0,0.0,2.2918559106739016,0.0,0.0,0.0,0.0,0.0,0.0,0.0,0.0,0.5,0.0,0.0,0.0,0.02,0.0,0.0,0.0,44.36050724637681,44.36050724637681,44.36050724637681,44.36050724637681,0.9232036169033382,2.2918559106739016,0.0,0.0,0.0,0.9232036169033382,15.125023004657123
2.456,0.0,0.0,1.4420117866726658,0.0,0.0,2.303688972772312,0.0,0.0,0.0,0.0,0.0,0.0,0.0,0.0,0.5,0.0,0.0,0.0,0.02,0.0,0.0,0.0,44.36050724637681,44.36050724637681,44.36050724637681,44.36050724637681,0.9420117866726658,2.303688972772312,0.0,0.0,0.0,0.9420117866726658,15.18139299878385
2.464,0.0,0.0,1.4609140059419017,0.0,0.0,2.3155066599487455,0.0,0.0,0.0,0.0,0.0,0.0,0.0,0.0,0.5,0.0,0.0,0.0,0.02,0.0,0.0,0.0,44.36050724637681,44.36050724637681,44.36050724637681,44.36050724637681,0.9609140059419017,2.3155066599487455,0.0,0.0,0.0,0.9609140059419017,15.168174999416806
2.472,0.0,0.0,1.4799101525119094,0.0,0.0,2.3273089922091885,0.0,0.0,0.0,0.0,0.0,0.0,0.0,0.0,0.5,0.0,0.0,0.0,0.02,0.0,0.0,0.0,44.36050724637681,44.36050724637681,44.36050724637681,44.36050724637681,0.9799101525119094,2.3273089922091885,0.0,0.0,0.0,0.9799101525119094,14.931935002095997
2.48,0.0,0.0,1.4990001043423267,0.0,0.0,2.3390959895277827,0.0,0.0,0.0,0.0,0.0,0.0,0.0,0.0,0.5,0.0,0.0,0.0,0.02,0.0,0.0,0.0,44.36050724637681,44.36050724637681,44.36050724637681,44.36050724637681,0.9990001043423267,2.3390959895277827,0.0,0.0,0.0,0.9990001043423267,15.00336599565344
2.488,0.0,0.0,1.518183739551359,0.0,0.0,2.350867671848037,0.0,0.0,0.0,0.0,0.0,0.0,0.0,0.0,0.5,0.0,0.0,0.0,0.02,0.0,0.0,0.0,44.36050724637681,44.36050724637681,44.36050724637681,44.36050724637681,1.018183739551359,2.350867671848037,0.0,0.0,0.0,1.018183739551359,14.665656999568455
2.496,0.0,0.0,1.537460936415574,0.0,0.0,2.362624059083802,0.0,0.0,0.0,0.0,0.0,0.0,0.0,0.0,0.5,0.0,0.0,0.0,0.02,0.0,0.0,0.0,44.36050724637681,44.36050724637681,44.36050724637681,44.36050724637681,1.037460936415574,2.362624059083802,0.0,0.0,0.0,1.037460936415574,14.858285001537297
2.504,0.0,0.0,1.5568315733696947,0.0,0.0,2.374365171120058,0.0,0.0,0.0,0.0,0.0,0.0,0.0,0.0,0.5,0.0,0.0,0.0,0.02,0.0,0.0,0.0,44.36050724637681,44.36050724637681,44.36050724637681,44.36050724637681,1.0568315733696947,2.374365171120058,0.0,0.0,0.0,1.0568315733696947,14.763766994292382
2.512,0.0,0.0,1.5762955290063951,0.0,0.0,2.386091027813557,0.0,0.0,0.0,0.0,0.0,0.0,0.0,0.0,0.5,0.0,0.0,0.0,0.02,0.0,0.0,0.0,44.36050724637681,44.36050724637681,44.36050724637681,44.36050724637681,1.0762955290063951,2.386091027813557,0.0,0.0,0.0,1.0762955290063951,15.119617004529573
2.52,0.0,0.0,1.5958526820760948,0.0,0.0,2.3978016489933363,0.0,0.0,0.0,0.0,0.0,0.0,0.0,0.0,0.5,0.0,0.0,0.0,0.02,0.0,0.0,0.0,44.36050724637681,44.36050724637681,44.36050724637681,44.36050724637681,1.0958526820760948,2.3978016489933363,0.0,0.0,0.0,1.0958526820760948,15.076759998919442
2.528,0.0,0.0,1.6155029114867534,0.0,0.0,2.4094970544611347,0.0,0.0,0.0,0.0,0.0,0.0,0.0,0.0,0.5,0.0,0.0,0.0,0.02,0.0,0.0,0.0,44.36050724637681,44.36050724637681,44.36050724637681,44.36050724637681,1.1155029114867534,2.4094970544611347,0.0,0.0,0.0,1.1155029114867534,15.002451997133903
2.536,0.0,0.0,1.6352460963036664,0.0,0.0,2.4211772639917313,0.0,0.0,0.0,0.0,0.0,0.0,0.0,0.0,0.5,0.0,0.0,0.0,0.02,0.0,0.0,0.0,44.36050724637681,44.36050724637681,44.36050724637681,44.36050724637681,1.1352460963036664,2.4211772639917313,0.0,0.0,0.0,1.1352460963036664,14.999838000221644
2.544,0.0,0.0,1.6550821157492601,0.0,0.0,2.432842297333229,0.0,0.0,0.0,0.0,0.0,0.0,0.0,0.0,0.5,0.0,0.0,0.0,0.02,0.0,0.0,0.0,44.36050724637681,44.36050724637681,44.36050724637681,44.36050724637681,1.1550821157492601,2.432842297333229,0.0,0.0,0.0,1.1550821157492601,15.080543998919893
2.552,0.0,0.0,1.6750108492028886,0.0,0.0,2.4444921742072943,0.0,0.0,0.0,0.0,0.0,0.0,0.0,0.0,0.5,0.0,0.0,0.0,0.02,0.0,0.0,0.0,44.36050724637681,44.36050724637681,44.36050724637681,44.36050724637681,1.1750108492028886,2.4444921742072943,0.0,0.0,0.0,1.1750108492028886,15.146714998991229
2.56,0.0,0.0,1.6950321762006286,0.0,0.0,2.456126914309337,0.0,0.0,0.0,0.0,0.0,0.0,0.0,0.0,0.5,0.0,0.0,0.0,0.02,0.0,0.0,0.0,44.36050724637681,44.36050724637681,44.36050724637681,44.36050724637681,1.1950321762006286,2.456126914309337,0.0,0.0,0.0,1.1950321762006286,14.804609003476799
2.568,0.0,0.0,1.715145976435077,0.0,0.0,2.4677465373086767,0.0,0.0,0.0,0.0,0.0,0.0,0.0,0.0,0.5,0.0,0.0,0.0,0.02,0.0,0.0,0.0,44.36050724637681,44.36050724637681,44.36050724637681,44.36050724637681,1.215145976435077,2.4677465373086767,0.0,0.0,0.0,1.215145976435077,14.826359001745004
2.576,0.0,0.0,1.7353521297551462,0.0,0.0,2.4793510628486723,0.0,0.0,0.0,0.0,0.0,0.0,0.0,0.0,0.5,0.0,0.0,0.0,0.02,0.0,0.0,0.0,44.36050724637681,44.36050724637681,44.36050724637681,44.36050724637681,1.2353521297551462,2.4793510628486723,0.0,0.0,0.0,1.2353521297551462,14.607342003728263
2.584,0.0,0.0,1.7556505161658622,0.0,0.0,2.490940510546838,0.0,0.0,0.0,0.0,0.0,0.0,0.0,0.0,0.5,0.0,0.0,0.0,0.02,0.0,0.0,0.0,44.36050724637681,44.36050724637681,44.36050724637681,44.36050724637681,1.2556505161658622,2.490940510546838,0.0,0.0,0.0,1.2556505161658622,15.251527998771053
2.592,0.0,0.0,1.776041015828161,0.0,0.0,2.5025148999949396,0.0,0.0,0.0,0.0,0.0,0.0,0.0,0.0,0.5,0.0,0.0,0.0,0.02,0.0,0.0,0.0,44.36050724637681,44.36050724637681,44.36050724637681,44.36050724637681,1.276041015828161,2.5025148999949396,0.0,0.0,0.0,1.276041015828161,15.78447999781929
2.6,0.0,0.0,1.7965235090586864,0.0,0.0,2.514074250759087,0.0,0.0,0.0,0.0,0.0,0.0,0.0,0.0,0.5,0.0,0.0,0.0,0.02,0.0,0.0,0.0,44.36050724637681,44.36050724637681,44.36050724637681,44.36050724637681,1.2965235090586864,2.514074250759087,0.0,0.0,0.0,1.2965235090586864,15.170032995229121
2.608,0.0,0.0,1.8170978763295877,0.0,0.0,2.5256185823798027,0.0,0.0,0.0,0.0,0.0,0.0,0.0,0.0,0.5,0.0,0.0,0.0,0.02,0.0,0.0,0.0,44.36050724637681,44.36050724637681,44.36050724637681,44.36050724637681,1.3170978763295877,2.5256185823798027,0.0,0.0,0.0,1.3170978763295877,14.615220999985468
2.616,0.0,0.0,1.8377639982683174,0.0,0.0,2.5371479143720825,0.0,0.0,0.0,0.0,0.0,0.0,0.0,0.0,0.5,0.0,0.0,0.0,0.02,0.0,0.0,0.0,44.36050724637681,44.36050724637681,44.36050724637681,44.36050724637681,1.3377639982683174,2.5371479143720825,0.0,0.0,0.0,1.3377639982683174,15.431335996254347
2.624,0.0,0.0,1.8585217556574294,0.0,0.0,2.548662266225466,0.0,0.0,0.0,0.0,0.0,0.0,0.0,0.0,0.5,0.0,0.0,0.0,0.02,0.0,0.0,0.0,44.36050724637681,44.36050724637681,44.36050724637681,44.36050724637681,1.3585217556574294,2.548662266225466,0.0,0.0,0.0,1.3585217556574294,14.662572997622192
2.632,0.0,0.0,1.8793710294343777,0.0,0.0,2.560161657404081,0.0,0.0,0.0,0.0,0.0,0.0,0.0,0.0,0.5,0.0,0.0,0.0,0.02,0.0,0.0,0.0,44.36050724637681,44.36050724637681,44.36050724637681,44.36050724637681,1.3793710294343777,2.560161657404081,0.0,0.0,0.0,1.3793710294343777,15.251611999701709
2.64,0.0,0.0,1.900311700691315,0.0,0.0,2.571646107346697,0.0,0.0,0.0,0.0,0.0,0.0,0.0,0.0,0.5,0.0,0.0,0.0,0.02,0.0,0.0,0.0,44.36050724637681,44.36050724637681,44.36050724637681,44.36050724637681,1.400311700691315,2.571646107346697,0.0,0.0,0.0,1.400311700691315,15.341596001235303
2.648,0.0,0.0,1.9213436506748922,0.0,0.0,2.583115635466786,0.0,0.0,0.0,0.0,0.0,0.0,0.0,0.0,0.5,0.0,0.0,0.0,0.02,0.0,0.0,0.0,44.36050724637681,44.36050724637681,44.36050724637681,44.36050724637681,1.4213436506748922,2.583115635466786,0.0,0.0,0.0,1.4213436506748922,15.166650002356619
2.656,0.0,0.0,1.9424667607860566,0.0,0.0,2.5945702611525387,0.0,0.0,0.0,0.0,0.0,0.0,0.0,0.0,0.5,0.0,0.0,0.0,0.02,0.0,0.0,0.0,44.36050724637681,44.36050724637681,44.36050724637681,44.36050724637681,1.4424667607860566,2.5945702611525387,0.0,0.0,0.0,1.4424667607860566,15.247753995936364
2.664,0.0,0.0,1.9636809125798522,0.0,0.0,2.6060100037669205,0.0,0.0,0.0,0.0,0.0,0.0,0.0,0.0,0.5,0.0,0.0,0.0,0.02,0.0,0.0,0.0,44.36050724637681,44.36050724637681,44.36050724637681,44.36050724637681,1.4636809125798522,2.6060100037669205,0.0,0.0,0.0,1.4636809125798522,15.321835002396256
2.672,0.0,0.0,1.9849859877652196,0.0,0.0,2.6174348826477205,0.0,0.0,0.0,0.0,0.0,0.0,0.0,0.0,0.5,0.0,0.0,0.0,0.02,0.0,0.0,0.0,44.36050724637681,44.36050724637681,44.36050724637681,44.36050724637681,1.4849859877652196,2.6174348826477205,0.0,0.0,0.0,1.4849859877652196,14.731957999174483
2.68,0.0,0.0,2.0063818682047954,0.0,0.0,2.6288449171075694,0.0,0.0,0.0,0.0,0.0,0.0,0.0,0.0,0.5,0.0,0.0,0.0,0.02,0.0,0.0,0.0,44.36050724637681,44.36050724637681,44.36050724637681,44.36050724637681,1.5063818682047954,2.6288449171075694,0.0,0.0,0.0,1.5063818682047954,14.85293300356716
2.688,0.0,0.0,2.027868435914713,0.0,0.0,2.640240126433996,0.0,0.0,0.0,0.0,0.0,0.0,0.0,0.0,0.5,0.0,0.0,0.0,0.02,0.0,0.0,0.0,44.36050724637681,44.36050724637681,44.36050724637681,44.36050724637681,1.527868435914713,2.640240126433996,0.0,0.0,0.0,1.527868435914713,15.121180003916379
2.696,0.0,0.0,2.0494455730644034,0.0,0.0,2.651620529889458,0.0,0.0,0.0,0.0,0.0,0.0,0.0,0.0,0.5,0.0,0.0,0.0,0.02,0.0,0.0,0.0,44.36050724637681,44.36050724637681,44.36050724637681,44.36050724637681,1.5494455730644034,2.651620529889458,0.0,0.0,0.0,1.5494455730644034,15.439251998031978
2.704,0.0,0.0,2.071113161976395,0.0,0.0,2.6629861467113534,0.0,0.0,0.0,0.0,0.0,0.0,0.0,0.0,0.5,0.0,0.0,0.0,0.02,0.0,0.0,0.0,44.36050724637681,44.36050724637681,44.36050724637681,44.36050724637681,1.571113161976395,2.6629861467113534,0.0,0.0,0.0,1.571113161976395,14.899388006597292
2.712,0.0,0.0,2.0928710851261156,0.0,0.0,2.6743369961120997,0.0,0.0,0.0,0.0,0.0,0.0,0.0,0.0,0.5,0.0,0.0,0.0,0.02,0.0,0.0,0.0,44.36050724637681,44.36050724637681,44.36050724637681,44.36050724637681,1.5928710851261156,2.6743369961120997,0.0,0.0,0.0,1.5928710851261156,14.88813100149855
2.72,0.0,0.0,2.1147192251416933,0.0,0.0,2.685673097279121,0.0,0.0,0.0,0.0,0.0,0.0,0.0,0.0,0.5,0.0,0.0,0.0,0.02,0.0,0.0,0.0,44.36050724637681,44.36050724637681,44.36050724637681,44.36050724637681,1.6147192251416933,2.685673097279121,0.0,0.0,0.0,1.6147192251416933,14.870439998048823
2.728,0.0,0.0,2.1366574648037586,0.0,0.0,2.6969944693749297,0.0,0.0,0.0,0.0,0.0,0.0,0.0,0.0,0.5,0.0,0.0,0.0,0.02,0.0,0.0,0.0,44.36050724637681,44.36050724637681,44.36050724637681,44.36050724637681,1.6366574648037586,2.6969944693749297,0.0,0.0,0.0,1.6366574648037586,14.669937998405658
2.736,0.0,0.0,2.1586856870452453,0.0,0.0,2.708301131537111,0.0,0.0,0.0,0.0,0.0,0.0,0.0,0.0,0.5,0.0,0.0,0.0,0.02,0.0,0.0,0.0,44.36050724637681,44.36050724637681,44.36050724637681,44.36050724637681,1.6586856870452453,2.708301131537111,0.0,0.0,0.0,1.6586856870452453,14.835463000054006
2.744,0.0,0.0,2.180803774951194,0.0,0.0,2.7195931028784037,0.0,0.0,0.0,0.0,0.0,0.0,0.0,0.0,0.5,0.0,0.0,0.0,0.02,0.0,0.0,0.0,44.36050724637681,44.36050724637681,44.36050724637681,44.36050724637681,1.680803774951194,2.7195931028784037,0.0,0.0,0.0,1.680803774951194,17.89323700359091
2.7520000000000002,0.0,0.0,2.203011611758553,0.0,0.0,2.7308704024867043,0.0,0.0,0.0,0.0,0.0,0.0,0.0,0.0,0.5,0.0,0.0,0.0,0.02,0.0,0.0,0.0,44.36050724637681,44.36050724637681,44.36050724637681,44.36050724637681,1.7030116117585532,2.7308704024867043,0.0,0.0,0.0,1.7030116117585532,14.85359099751804
2.7600000000000002,0.0,0.0,2.2253090808559826,0.0,0.0,2.742133049425097,0.0,0.0,0.0,0.0,0.0,0.0,0.0,0.0,0.5,0.0,0.0,0.0,0.02,0.0,0.0,0.0,44.36050724637681,44.36050724637681,44.36050724637681,44.36050724637681,1.7253090808559826,2.742133049425097,0.0,0.0,0.0,1.7253090808559826,14.893542000208981
2.7680000000000002,0.0,0.0,2.2476960657836553,0.0,0.0,2.753381062731896,0.0,0.0,0.0,0.0,0.0,0.0,0.0,0.0,0.5,0.0,0.0,0.0,0.02,0.0,0.0,0.0,44.36050724637681,44.36050724637681,44.36050724637681,44.36050724637681,1.7476960657836553,2.753381062731896,0.0,0.0,0.0,1.7476960657836553,14.64949299406726
2.7760000000000002,0.0,0.0,2.270172450233062,0.0,0.0,2.764614461420684,0.0,0.0,0.0,0.0,0.0,0.0,0.0,0.0,0.5,0.0,0.0,0.0,0.02,0.0,0.0,0.0,44.36050724637681,44.36050724637681,44.36050724637681,44.36050724637681,1.770172450233062,2.764614461420684,0.0,0.0,0.0,1.770172450233062,14.714035001816228
2.7840000000000003,0.0,0.0,2.2927381180468136,0.0,0.0,2.7758332644803363,0.0,0.0,0.0,0.0,0.0,0.0,0.0,0.0,0.5,0.0,0.0,0.0,0.02,0.0,0.0,0.0,44.36050724637681,44.36050724637681,44.36050724637681,44.36050724637681,1.7927381180468136,2.7758332644803363,0.0,0.0,0.0,1.7927381180468136,14.903090996085666
2.7920000000000003,0.0,0.0,2.315392953218445,0.0,0.0,2.787037490875058,0.0,0.0,0.0,0.0,0.0,0.0,0.0,0.0,0.5,0.0,0.0,0.0,0.02,0.0,0.0,0.0,44.36050724637681,44.36050724637681,44.36050724637681,44.36050724637681,1.8153929532184452,2.787037490875058,0.0,0.0,0.0,1.8153929532184452,14.674083999125287
2.8000000000000003,0.0,0.0,2.3381368398922193,0.0,0.0,2.7982271595443997,0.0,0.0,0.0,0.0,0.0,0.0,0.0,0.0,0.5,0.0,0.0,0.0,0.02,0.0,0.0,0.0,44.36050724637681,44.36050724637681,44.36050724637681,44.36050724637681,1.8381368398922193,2.7982271595443997,0.0,0.0,0.0,1.8381368398922193,14.845430996501818
2.8080000000000003,0.0,0.0,2.3609696623629315,0.0,0.0,2.8094022894033235,0.0,0.0,0.0,0.0,0.0,0.0,0.0,0.0,0.5,0.0,0.0,0.0,0.02,0.0,0.0,0.0,44.36050724637681,44.36050724637681,44.36050724637681,44.36050724637681,1.8609696623629315,2.8094022894033235,0.0,0.0,0.0,1.8609696623629315,14.776549993257504
2.816,0.0,0.0,2.383891305075713,0.0,0.0,2.8205628993422254,0.0,0.0,0.0,0.0,0.0,0.0,0.0,0.0,0.5,0.0,0.0,0.0,0.02,0.0,0.0,0.0,44.36050724637681,44.36050724637681,44.36050724637681,44.36050724637681,1.883891305075713,2.8205628993422254,0.0,0.0,0.0,1.883891305075713,14.662837995274458
2.824,0.0,0.0,2.406901652625837,0.0,0.0,2.8317090082268797,0.0,0.0,0.0,0.0,0.0,0.0,0.0,0.0,0.5,0.0,0.0,0.0,0.02,0.0,0.0,0.0,44.36050724637681,44.36050724637681,44.36050724637681,44.36050724637681,1.9069016526258369,2.8317090082268797,0.0,0.0,0.0,1.9069016526258369,14.95429000351578
2.832,0.0,0.0,2.4300005897585217,0.0,0.0,2.8428406348986246,0.0,0.0,0.0,0.0,0.0,0.0,0.0,0.0,0.5,0.0,0.0,0.0,0.02,0.0,0.0,0.0,44.36050724637681,44.36050724637681,44.36050724637681,44.36050724637681,1.9300005897585217,2.8428406348986246,0.0,0.0,0.0,1.9300005897585217,15.127299004234374
2.84,0.0,0.0,2.453188001368738,0.0,0.0,2.8539577981743043,0.0,0.0,0.0,0.0,0.0,0.0,0.0,0.0,0.5,0.0,0.0,0.0,0.02,0.0,0.0,0.0,44.36050724637681,44.36050724637681,44.36050724637681,44.36050724637681,1.953188001368738,2.8539577981743043,0.0,0.0,0.0,1.953188001368738,14.942461995815393
2.848,0.0,0.0,2.476463772501013,0.0,0.0,2.8650605168463144,0.0,0.0,0.0,0.0,0.0,0.0,0.0,0.0,0.5,0.0,0.0,0.0,0.02,0.0,0.0,0.0,44.36050724637681,44.36050724637681,44.36050724637681,44.36050724637681,1.9764637725010128,2.8650605168463144,0.0,0.0,0.0,1.9764637725010128,14.676001002953853
2.856,0.0,0.0,2.499827788349235,0.0,0.0,2.876148809682607,0.0,0.0,0.0,0.0,0.0,0.0,0.0,0.0,0.5,0.0,0.0,0.0,0.02,0.0,0.0,0.0,44.36050724637681,44.36050724637681,44.36050724637681,44.36050724637681,1.999827788349235,2.876148809682607,0.0,0.0,0.0,1.999827788349235,14.440607003052719
2.864,0.0,0.0,2.523279934256463,0.0,0.0,2.8872226954267823,0.0,0.0,0.0,0.0,0.0,0.0,0.0,0.0,0.5,0.0,0.0,0.0,0.02,0.0,0.0,0.0,44.36050724637681,44.36050724637681,44.36050724637681,44.36050724637681,2.023279934256463,2.8872226954267823,0.0,0.0,0.0,2.023279934256463,14.546616999723483
2.872,0.0,0.0,2.546820095714728,0.0,0.0,2.898282192798053,0.0,0.0,0.0,0.0,0.0,0.0,0.0,0.0,0.5,0.0,0.0,0.0,0.02,0.0,0.0,0.0,44.36050724637681,44.36050724637681,44.36050724637681,44.36050724637681,2.046820095714728,2.898282192798053,0.0,0.0,0.0,2.046820095714728,14.658161002444103
2.88,0.0,0.0,2.570448158364844,0.0,0.0,2.909327320491347,0.0,0.0,0.0,0.0,0.0,0.0,0.0,0.0,0.5,0.0,0.0,0.0,0.02,0.0,0.0,0.0,44.36050724637681,44.36050724637681,44.36050724637681,44.36050724637681,2.070448158364844,2.909327320491347,0.0,0.0,0.0,2.070448158364844,14.702125001349486
2.888,0.0,0.0,2.594164007996212,0.0,0.0,2.9203580971772682,0.0,0.0,0.0,0.0,0.0,0.0,0.0,0.0,0.5,0.0,0.0,0.0,0.02,0.0,0.0,0.0,44.36050724637681,44.36050724637681,44.36050724637681,44.36050724637681,2.094164007996212,2.9203580971772682,0.0,0.0,0.0,2.094164007996212,14.5397550004418
2.896,0.0,0.0,2.6179675305466263,0.0,0.0,2.9313745415021772,0.0,0.0,0.0,0.0,0.0,0.0,0.0,0.0,0.5,0.0,0.0,0.0,0.02,0.0,0.0,0.0,44.36050724637681,44.36050724637681,44.36050724637681,44.36050724637681,2.1179675305466263,2.9313745415021772,0.0,0.0,0.0,2.1179675305466263,14.654113998403773
2.904,0.0,0.0,2.641858612102085,0.0,0.0,2.9423766720882094,0.0,0.0,0.0,0.0,0.0,0.0,0.0,0.0,0.5,0.0,0.0,0.0,0.02,0.0,0.0,0.0,44.36050724637681,44.36050724637681,44.36050724637681,44.36050724637681,2.141858612102085,2.9423766720882094,0.0,0.0,0.0,2.141858612102085,24.34008599811932
2.912,0.0,0.0,2.6658371388965945,0.0,0.0,2.953364507533302,0.0,0.0,0.0,0.0,0.0,0.0,0.0,0.0,0.5,0.0,0.0,0.0,0.02,0.0,0.0,0.0,44.36050724637681,44.36050724637681,44.36050724637681,44.36050724637681,2.1658371388965945,2.953364507533302,0.0,0.0,0.0,2.1658371388965945,14.71507600217592
2.92,0.0,0.0,2.6899029973119775,0.0,0.0,2.964338066411216,0.0,0.0,0.0,0.0,0.0,0.0,0.0,0.0,0.5,0.0,0.0,0.0,0.02,0.0,0.0,0.0,44.36050724637681,44.36050724637681,44.36050724637681,44.36050724637681,2.1899029973119775,2.964338066411216,0.0,0.0,0.0,2.1899029973119775,14.755853997485247
2.928,0.0,0.0,2.7140560738776824,0.0,0.0,2.975297367271597,0.0,0.0,0.0,0.0,0.0,0.0,0.0,0.0,0.5,0.0,0.0,0.0,0.02,0.0,0.0,0.0,44.36050724637681,44.36050724637681,44.36050724637681,44.36050724637681,2.2140560738776824,2.975297367271597,0.0,0.0,0.0,2.2140560738776824,14.717682999616954
2.936,0.0,0.0,2.7382962552705905,0.0,0.0,2.986242428639979,0.0,0.0,0.0,0.0,0.0,0.0,0.0,0.0,0.5,0.0,0.0,0.0,0.02,0.0,0.0,0.0,44.36050724637681,44.36050724637681,44.36050724637681,44.36050724637681,2.2382962552705905,2.986242428639979,0.0,0.0,0.0,2.2382962552705905,14.658742002211511
2.944,0.0,0.0,2.7626234283148245,0.0,0.0,2.997173269017834,0.0,0.0,0.0,0.0,0.0,0.0,0.0,0.0,0.5,0.0,0.0,0.0,0.02,0.0,0.0,0.0,44.36050724637681,44.36050724637681,44.36050724637681,44.36050724637681,2.2626234283148245,2.997173269017834,0.0,0.0,0.0,2.2626234283148245,14.682937995530665
2.952,0.0,0.0,2.7870374799815574,0.0,0.0,3.0080899068825873,0.0,0.0,0.0,0.0,0.0,0.0,0.0,0.0,0.5,0.0,0.0,0.0,0.02,0.0,0.0,0.0,44.36050724637681,44.36050724637681,44.36050724637681,44.36050724637681,2.2870374799815574,3.0080899068825873,0.0,0.0,0.0,2.2870374799815574,14.570404004189186
2.96,0.0,0.0,2.8115382973888208,0.0,0.0,3.0189923606876543,0.0,0.0,0.0,0.0,0.0,0.0,0.0,0.0,0.5,0.0,0.0,0.0,0.02,0.0,0.0,0.0,44.36050724637681,44.36050724637681,44.36050724637681,44.36050724637681,2.3115382973888208,3.0189923606876543,0.0,0.0,0.0,2.3115382973888208,14.52155700098956
2.968,0.0,0.0,2.836125767801315,0.0,0.0,3.0298806488624783,0.0,0.0,0.0,0.0,0.0,0.0,0.0,0.0,0.5,0.0,0.0,0.0,0.02,0.0,0.0,0.0,44.36050724637681,44.36050724637681,44.36050724637681,44.36050724637681,2.336125767801315,3.0298806488624783,0.0,0.0,0.0,2.336125767801315,14.801858997088857
2.976,0.0,0.0,2.8607997786302177,0.0,0.0,3.040754789812551,0.0,0.0,0.0,0.0,0.0,0.0,0.0,0.0,0.5,0.0,0.0,0.0,0.02,0.0,0.0,0.0,44.36050724637681,44.36050724637681,44.36050724637681,44.36050724637681,2.3607997786302177,3.040754789812551,0.0,0.0,0.0,2.3607997786302177,14.778816999751143
2.984,0.0,0.0,2.8855602174329946,0.0,0.0,3.051614801919463,0.0,0.0,0.0,0.0,0.0,0.0,0.0,0.0,0.5,0.0,0.0,0.0,0.02,0.0,0.0,0.0,44.36050724637681,44.36050724637681,44.36050724637681,44.36050724637681,2.3855602174329946,3.051614801919463,0.0,0.0,0.0,2.3855602174329946,14.652373996796086
2.992,0.0,0.0,2.910406971913208,0.0,0.0,3.0624607035409093,0.0,0.0,0.0,0.0,0.0,0.0,0.0,0.0,0.5,0.0,0.0,0.0,0.02,0.0,0.0,0.0,44.36050724637681,44.36050724637681,44.36050724637681,44.36050724637681,2.410406971913208,3.0624607035409093,0.0,0.0,0.0,2.410406971913208,14.684480003779754
3.0,0.0,0.0,2.9353399299203287,0.0,0.0,3.073292513010739,0.0,0.0,0.0,0.0,0.0,0.0,0.0,0.0,0.5,0.0,0.0,0.0,0.02,0.0,0.0,0.0,44.36050724637681,44.36050724637681,44.36050724637681,44.36050724637681,2.4353399299203287,3.073292513010739,0.0,0.0,0.0,2.4353399299203287,21.796740002173465
3.008,0.0,0.0,2.9603589794495444,0.0,0.0,3.0841102486389844,0.0,0.0,0.0,0.0,0.0,0.0,0.0,0.0,0.5,0.0,0.0,0.0,0.02,0.0,0.0,0.0,44.36050724637681,44.36050724637681,44.36050724637681,44.36050724637681,2.4603589794495444,3.0841102486389844,0.0,0.0,0.0,2.4603589794495444,14.852009997412097
3.016,0.0,0.0,2.985464008641572,0.0,0.0,3.0949139287118723,0.0,0.0,0.0,0.0,0.0,0.0,0.0,0.0,0.5,0.0,0.0,0.0,0.02,0.0,0.0,0.0,44.36050724637681,44.36050724637681,44.36050724637681,44.36050724637681,2.485464008641572,3.0949139287118723,0.0,0.0,0.0,2.485464008641572,14.865684999676887
3.024,0.0,0.0,3.010654905782467,0.0,0.0,3.105703571491877,0.0,0.0,0.0,0.0,0.0,0.0,0.0,0.0,0.5,0.0,0.0,0.0,0.02,0.0,0.0,0.0,44.36050724637681,44.36050724637681,44.36050724637681,44.36050724637681,2.510654905782467,3.105703571491877,0.0,0.0,0.0,2.510654905782467,14.843757999187801
3.032,0.0,0.0,3.0359315593034366,0.0,0.0,3.1164791952177424,0.0,0.0,0.0,0.0,0.0,0.0,0.0,0.0,0.5,0.0,0.0,0.0,0.02,0.0,0.0,0.0,44.36050724637681,44.36050724637681,44.36050724637681,44.36050724637681,2.5359315593034366,3.1164791952177424,0.0,0.0,0.0,2.5359315593034366,14.797718002228066
3.04,0.0,0.0,3.06129385778065,0.0,0.0,3.1272408181045313,0.0,0.0,0.0,0.0,0.0,0.0,0.0,0.0,0.5,0.0,0.0,0.0,0.02,0.0,0.0,0.0,44.36050724637681,44.36050724637681,44.36050724637681,44.36050724637681,2.56129385778065,3.1272408181045313,0.0,0.0,0.0,2.56129385778065,14.906815995345823
3.048,0.0,0.0,3.08674168993505,0.0,0.0,3.1379884583436204,0.0,0.0,0.0,0.0,0.0,0.0,0.0,0.0,0.5,0.0,0.0,0.0,0.02,0.0,0.0,0.0,44.36050724637681,44.36050724637681,44.36050724637681,44.36050724637681,2.58674168993505,3.1379884583436204,0.0,0.0,0.0,2.58674168993505,14.874874999804888
3.056,0.0,0.0,3.1122749446321643,0.0,0.0,3.148722134102754,0.0,0.0,0.0,0.0,0.0,0.0,0.0,0.0,0.5,0.0,0.0,0.0,0.02,0.0,0.0,0.0,44.36050724637681,44.36050724637681,44.36050724637681,44.36050724637681,2.6122749446321643,3.148722134102754,0.0,0.0,0.0,2.6122749446321643,14.864906996081118
3.064,0.0,0.0,3.137893510881919,0.0,0.0,3.1594418635260726,0.0,0.0,0.0,0.0,0.0,0.0,0.0,0.0,0.5,0.0,0.0,0.0,0.02,0.0,0.0,0.0,44.36050724637681,44.36050724637681,44.36050724637681,44.36050724637681,2.637893510881919,3.1594418635260726,0.0,0.0,0.0,2.637893510881919,17.088576998503413
3.072,0.0,0.0,3.1635972778384507,0.0,0.0,3.170147664734149,0.0,0.0,0.0,0.0,0.0,0.0,0.0,0.0,0.5,0.0,0.0,0.0,0.02,0.0,0.0,0.0,44.36050724637681,44.36050724637681,44.36050724637681,44.36050724637681,2.6635972778384507,3.170147664734149,0.0,0.0,0.0,2.6635972778384507,14.730481001606677
3.08,0.0,0.0,3.1893861347999177,0.0,0.0,3.180839555823995,0.0,0.0,0.0,0.0,0.0,0.0,0.0,0.0,0.5,0.0,0.0,0.0,0.02,0.0,0.0,0.0,44.36050724637681,44.36050724637681,44.36050724637681,44.36050724637681,2.6893861347999177,3.180839555823995,0.0,0.0,0.0,2.6893861347999177,15.272093995008618
3.088,0.0,0.0,3.215259971208315,0.0,0.0,3.1915175548691326,0.0,0.0,0.0,0.0,0.0,0.0,0.0,0.0,0.5,0.0,0.0,0.0,0.02,0.0,0.0,0.0,44.36050724637681,44.36050724637681,44.36050724637681,44.36050724637681,2.715259971208315,3.1915175548691326,0.0,0.0,0.0,2.715259971208315,14.659249995020218
3.096,0.0,0.0,3.241218676649286,0.0,0.0,3.2021816799195726,0.0,0.0,0.0,0.0,0.0,0.0,0.0,0.0,0.5,0.0,0.0,0.0,0.02,0.0,0.0,0.0,44.36050724637681,44.36050724637681,44.36050724637681,44.36050724637681,2.741218676649286,3.2021816799195726,0.0,0.0,0.0,2.741218676649286,14.94049600296421
