t,mode,px,py,pz,vx,vy,vz,roll,pitch,yaw,ref_px,ref_py,ref_pz,u0,u1,u2,m1,m2,m3,m4,pos_error
0.24,HOVER,0.0,0.0,0.01998340367452746,0.0,0.0,0.00031342579703667043,0.0,0.0,0.0,0.0,0.0,0.5,0.05,3.416221638911589e-17,-4.790145803910856e-18,48.29294478527607,48.29294478527607,48.29294478527607,48.29294478527607,0.48001659632547256
0.4,HOVER,0.0,0.0,0.019989907521628582,0.0,0.0,6.958467113977322e-06,0.0,0.0,0.0,0.0,0.0,0.5,0.05,3.4180691938955074e-17,-4.778014334610297e-18,48.29294478527607,48.29294478527607,48.29294478527607,48.29294478527607,0.4800100924783714
0.56,HOVER,0.0,0.0,0.01999070224560329,0.0,0.0,5.30904043935616e-06,0.0,0.0,0.0,0.0,0.0,0.5,0.05,3.418073727651717e-17,-4.777941480462304e-18,48.29294478527607,48.29294478527607,48.29294478527607,48.29294478527607,0.4800092977543967
0.72,HOVER,0.0,0.0,0.01999172294986931,0.0,0.0,7.112143672643016e-06,0.0,0.0,0.0,0.0,0.0,0.5,0.05,3.4180553167099436e-17,-4.778002315702205e-18,48.29294478527607,48.29294478527607,48.29294478527607,48.29294478527607,0.4800082770501307
0.88,HOVER,0.0,0.0,0.019993037774737488,0.0,0.0,8.954883325880046e-06,0.0,0.0,0.0,0.0,0.0,0.5,0.05,3.418034566419497e-17,-4.778061784067326e-18,48.29294478527607,48.29294478527607,48.29294478527607,48.29294478527607,0.4800069622252625
1.04,HOVER,0.0,0.0,0.019994647502519704,0.0,0.0,1.0798078040794673e-05,0.0,0.0,0.0,0.0,0.0,0.5,0.05,3.418011713337641e-17,-4.7781183350583624e-18,48.29294478527607,48.29294478527607,48.29294478527607,48.29294478527607,0.4800053524974803
1.2,HOVER,0.0,0.0,0.019996552142197605,0.0,0.0,1.2641277980052235e-05,0.0,0.0,0.0,0.0,0.0,0.5,0.05,3.417986760180267e-17,-4.778171950874186e-18,48.29294478527607,48.29294478527607,48.29294478527607,48.29294478527607,0.4800034478578024
1.36,HOVER,0.0,0.0,0.019998751693874307,0.0,0.0,1.4484477979308128e-05,0.0,0.0,0.0,0.0,0.0,0.5,0.05,3.4179597069785535e-17,-4.778222631310427e-18,48.29294478527607,48.29294478527607,48.29294478527607,48.29294478527607,0.48000124830612567
1.52,HOVER,0.0,0.0,0.023933881791992927,0.0,0.0,0.07723147834704762,0.0,0.0,0.0,0.0,0.0,0.5,0.05,2.9127620833780286e-17,-7.779368630506969e-18,48.29294478527607,48.29294478527607,48.29294478527607,48.29294478527607,0.4760661182080071
1.68,HOVER,0.0,0.0,0.07281929245246127,0.0,0.0,0.501485681330783,0.0,0.0,0.0,0.0,0.0,0.5,0.019823908977833427,-5.709976208361804e-19,-2.3997223318678007e-17,43.664709965925375,43.664709965925375,43.664709965925375,43.664709965925375,0.42718070754753873
1.84,HOVER,0.0,0.0,0.1853007173978694,0.0,0.0,0.7807001211133109,0.0,0.0,0.0,0.0,0.0,0.5,-0.04886557578544827,-2.5835250438755138e-17,-3.38713372149556e-17,33.12951291634229,33.12951291634229,33.12951291634229,33.12951291634229,0.3146992826021306
2.0,HOVER,0.0,0.0,0.3049309693229078,0.0,0.0,0.6761598796681119,0.0,0.0,0.0,0.0,0.0,0.5,-0.05,-2.7893775166865227e-17,-2.856447784122102e-17,32.95552147239264,32.95552147239264,32.95552147239264,32.95552147239264,0.1950690306770922
2.16,HOVER,0.0,0.0,0.3774424447378299,0.0,0.0,0.2937374967977893,0.0,0.0,0.0,0.0,0.0,0.5,-0.015897749560896395,-9.424798950646543e-18,-1.2785380344183236e-17,38.18592798145761,38.18592798145761,38.18592798145761,38.18592798145761,0.1225575552621701
2.32,HOVER,0.0,0.0,0.4044897881978071,0.0,0.0,0.13500499177399009,0.0,0.0,0.0,0.0,0.0,0.5,0.0028054207198202116,-1.541665798785355e-18,-6.266290630018177e-18,41.054512380340526,41.054512380340526,41.054512380340526,41.054512380340526,0.09551021180219288
2.48,HOVER,0.0,0.0,0.42632037969804154,0.0,0.0,0.13076280767719112,0.0,0.0,0.0,0.0,0.0,0.5,-0.0014145646899625785,-2.834051007629698e-18,-5.881971439027648e-18,40.40727535430022,40.40727535430022,40.40727535430022,40.40727535430022,0.07367962030195846
2.64,HOVER,0.0,0.0,0.4447721073722895,0.0,0.0,0.10481986961716652,0.0,0.0,0.0,0.0,0.0,0.5,-0.0014952172620747595,-2.5447941587178115e-18,-4.6768458492794854e-18,40.39490532790265,40.39490532790265,40.39490532790265,40.39490532790265,0.055227892627710495
2.8000000000000003,HOVER,0.0,0.0,0.4592539069937939,0.0,0.0,0.08165947417975088,0.0,0.0,0.0,0.0,0.0,0.5,-0.001122048466626141,-2.14479409107554e-18,-3.620793433549177e-18,40.45213980573218,40.45213980573218,40.45213980573218,40.45213980573218,0.040746093006206074
2.96,HOVER,0.0,0.0,0.47050188272306603,0.0,0.0,0.06335711968921909,0.0,0.0,0.0,0.0,0.0,0.5,-0.0007832883982060515,-1.814727214113188e-18,-2.788207360900881e-18,40.50409687144079,40.50409687144079,40.50409687144079,40.50409687144079,0.029498117276933966
3.12,HOVER,0.0,0.0,0.4792252066928252,0.0,0.0,0.04912953356727758,0.0,0.0,0.0,0.0,0.0,0.5,-0.000515377168908847,-1.5566893935306949e-18,-2.141188654562501e-18,40.545187550780845,40.545187550780845,40.545187550780845,40.545187550780845,0.0207747933071748
3.2800000000000002,CIRCLE,8.63194608989117e-06,8.631936481034088e-06,0.48565449785911935,0.00029794937269772223,0.00029794899186594905,0.030687964626342643,-0.0031156541697210344,0.0031156302459174555,-7.679588074343696e-06,0.020100774681476623,0.0004042045240927883,0.5,-0.0015220937160007246,-0.02,0.02,40.39078317239253,40.42850559337803,40.39078317239253,40.353060751407035,0.024690972217497532
3.44,CIRCLE,0.0016307651145119426,0.0013858910631469326,0.4889513828958139,0.02401253454679208,0.01862834124802792,0.016611556359401,-0.02246597999978914,0.04016694478725537,-0.000599603774022004,0.07013957697786599,0.0049440034285353485,0.5,3.5330092261084354e-05,0.009963344564291828,-0.017727756369457632,40.636974164911756,40.603537470466904,40.62232954437079,40.65576623881564,0.06948517400458952
3.6,CIRCLE,0.012691319222383271,0.007856550449957011,0.4910669571751856,0.10477114094748162,0.05561425564231995,0.011410746188526,-0.02509707254998636,0.0625566682453252,-0.0011654498269675915,0.11947011220805528,0.014482860972967637,0.5,0.00045222220198264367,0.0008526027532825486,-0.01633100858855458,40.70818943579484,40.67738717674009,40.67899528873972,40.70979754779447,0.10735649899626164
3.7600000000000002,CIRCLE,0.0382987695340779,0.02031520791316349,0.4926335324321785,0.19498955221310216,0.09234392252225224,0.009005651540268469,-0.024019119260729332,0.054498308581446234,-0.0009928971654846847,0.1675942423026834,0.028924454097870367,0.5,0.0005416072033239483,-5.737765158306515e-05,-0.00011805935248745828,40.70746716601432,40.70724449178453,40.70713627058813,40.70735894481791,0.1297909983117237
3.92,CIRCLE,0.07675110020478651,0.03840567519904334,0.49394724118819555,0.2679997078384276,0.12653646256487625,0.007739773653365164,-0.02298113651331803,0.04388615573711922,-0.0007674420814727548,0.21402601143047512,0.04812295208634226,0.5,0.0004985263420589109,0.0001230222395088713,-0.0009243227309122816,40.701449899103984,40.69970651454489,40.699938549380356,40.70168193393945,0.1377514523021772
4.08,CIRCLE,0.1250682911539356,0.06172203293293636,0.4950867685201249,0.32185022122462825,0.15814329968430976,0.006731943374038986,-0.02173718573661676,0.03183580564117284,-0.0005213707135156791,0.25829655316372185,0.07188448915772672,0.5,0.00044440182582563474,0.00010404457936361442,-0.0005819315577726149,40.69284359441599,40.691746001055634,40.69194224172684,40.6930398350872,0.13370559134996512
4.24,CIRCLE,0.1800173246522366,0.08982406164766611,0.4960764329780484,0.35487089748450734,0.18688789171571296,0.005828994742936162,-0.0202969275129763,0.018818077236043444,-0.0002705902867813846,0.299958825075544,0.09996912211768055,0.5,0.0003989567313319773,7.013542969321838e-05,-4.069891932767652e-05,40.68539505114308,40.68531828805466,40.6854505719649,40.68552733505332,0.12043371684835706
4.4,CIRCLE,0.23822173239579378,0.12223434656405387,0.49692514792274517,0.36686975473350236,0.21258578421749702,0.004956512160793007,-0.018738737353314824,0.006018816001785947,-4.300919051415754e-05,0.338592122959135,0.1320932532964012,0.5,0.0003729556583857622,4.7531637601017356e-05,0.0003616523866353514,40.68104903162976,40.681731151808705,40.6818208022309,40.68113868205195,0.10090028770569376
4.5600000000000005,CIRCLE,0.2964414247687156,0.15845723643488024,0.49763559036631305,0.35932763802768974,0.23516437482885685,0.004099427060285649,-0.017116176367779616,-0.005665910611536324,0.00014482387469258882,0.3738063290845535,0.16793249430826496,0.5,0.0003692650402649539,3.215029832867849e-05,0.0006496795887856442,40.68022586435523,40.68145123870293,40.681511878057336,40.68028650370964,0.07797883920963282
4.72,CIRCLE,0.35179132453367773,0.19799300685298393,0.49821247499610344,0.3348886590603892,0.25462517805562135,0.003284999292790371,-0.015464065727064843,-0.015622829805202614,0.0002859583371081668,0.40524585159431104,0.20712494171472778,0.5,0.0003836696386921963,2.3173284461467866e-05,0.0008297706865628128,40.68227378765479,40.68383883561279,40.683882543232386,40.68231749527438,0.05425839974819259
4.88,CIRCLE,0.40188378861520885,0.24034690126549796,0.4986665746392282,0.29691357938469676,0.27101537946594717,0.002554599985939169,-0.013802104956284781,-0.023494091731027192,0.00038065163523936136,0.43259321525787225,0.24927483151295687,0.5,0.00040833725659448355,1.986111825530147e-05,0.0009094166866781537,40.68598517720822,40.687700447163515,40.68773790763672,40.686022637681425,0.032008668301217506
5.04,CIRCLE,0.444904524774959,0.2850341184014718,0.4990148247266899,0.24908263041409467,0.28440426328175705,0.0019425911523526572,-0.012137360648209866,-0.02915323586601052,0.00043409634507412636,0.45557226732574996,0.2939565355472894,0.5,0.00043503762497958316,2.087686301046948e-05,0.000903220925460415,40.690085210802586,40.691788794802235,40.691828171093,40.690124587093344,0.013942052545198546
5.2,CIRCLE,0.47963004329355646,0.33158148548407523,0.49927799673299306,0.1950538035128206,0.2948645882676257,0.0014651670235908492,-0.010467558363797109,-0.03266757698022686,0.000454357039507912,0.47395096611059107,0.3407188594878936,0.5,0.00045736199909567017,2.4681963790249353e-05,0.0008261333872733128,40.69357830433658,40.69513649190783,40.695183045079276,40.69362485750802,0.010782616104327491
5.36,CIRCLE,0.505396899979811,0.37952671175530645,0.49947749172655886,0.1381886003008303,0.3024598565760955,0.0011183163224672797,-0.008784631737069804,-0.03426056922102581,0.00045068955837866453,0.48754372413625463,0.38908959897578743,0.5,0.00047174053609615847,2.9739115229149662e-05,0.0007009658258496396,40.69589687280881,40.69721897920776,40.69727507077897,40.69595296438002,0.020259756034769927
5.5200000000000005,CIRCLE,0.5220333683385736,0.42841617643071267,0.49963245511873056,0.08134635503265704,0.30723749115277305,0.0008821733409817901,-0.0070781132037081316,-0.034254306320883825,0.00043207752251142004,0.4962132821938429,0.438580307926418,0.5,0.0004774165967262661,3.4669146033010096e-05,0.0005591680634168634,40.69689650880993,40.697951167464424,40.69801655767053,40.69696189901603,0.02775106316563476
5.68,CIRCLE,0.5297685123154493,0.4778021482694545,0.4997579926240358,0.026789758890070688,0.3092273490740381,0.0007290424514248292,-0.005338088407713673,-0.033004551955989204,0.0004061982038992141,0.4998720953805311,0.48869123084163496,0.5,0.0004756208252082153,3.836860512005508e-05,0.0004081901403245156,40.69675997623601,40.69752987225178,40.69760224008552,40.696832344069755,0.03181864912877742
5.84,CIRCLE,0.5291340241101044,0.5272402009186421,0.49986462542762017,-0.023837913756195463,0.3084446039559975,0.0006304453039920527,-0.003557561842738275,-0.03087704744558992,0.00037901737424178594,0.49848321712502297,0.5389163493237382,0.5,0.00046862943941258686,4.008602341418015e-05,0.0002616105018672949,40.695824291642445,40.69631772071673,40.69639332780927,40.69589989873498,0.032799736838721574
6.0,CIRCLE,0.5208661939966636,0.5762874035314435,0.49995865791996247,-0.06949535484544928,0.3048956938865487,0.0005619662649008455,-0.0017339883582226793,-0.028218836958815937,0.0003546783731565459,0.49206067227277256,0.5887484918320707,0.5,0.00045896208011107347,3.934271390451628e-05,0.00013077143150218838,40.69446565797139,40.694712308720995,40.69478651384183,40.694539863092224,0.031385323203516106
6.16,CIRCLE,0.5058149181785184,0.6245016574638731,0.5000431082770607,-0.10968238514392242,0.2985861694444501,0.0005058476879798325,0.0001297697264494452,-0.025333652299608832,0.0003354666129794421,0.48066931546357167,0.6376844550840124,0.5,0.00044879912319671135,3.600350883340483e-05,2.3134139957762027e-05,40.69301157980146,40.69305521358979,40.69312312056564,40.69307948677731,0.028391712652022935
6.32,CIRCLE,0.48486564601531196,0.6714423786460356,0.500118838349765,-0.14434785403444872,0.2895293015281528,0.00045139543298468787,0.002025247739861832,-0.022466333706143024,0.0003220650175877412,0.46442417623159943,0.6852300853846379,0.5,0.000439687361869113,3.0162775486174327e-05,-5.732508835536523e-05,40.6916954564825,40.69158733442669,40.691644225072444,40.69175234712825,0.02465702063473011
6.48,CIRCLE,0.45887784087041755,0.7166725426683673,0.5001855911956278,-0.17378091445134203,0.27775442678134177,0.0003938622733721402,0.003938697125790808,-0.019795421867380935,0.00031394365195387154,0.44348929744109317,0.7309052685739448,0.5,0.0004324948785461801,2.2108472593341155e-05,-0.00010971008006181715,40.69064931278143,40.6904423862901,40.69048408554562,40.69069101203695,0.020962161140287816
6.640000000000001,CIRCLE,0.4286413786401706,0.7597619787274751,0.5002427733374617,-0.19849824057432075,0.2633143033434897,0.0003326424475548332,0.005851826762405681,-0.01743277681163381,0.00030982755812506454,0.41807607878707653,0.7742487782033353,0.5,0.00042752311823075355,1.2260046451161109e-05,-0.0001356430446303418,40.68992051687284,40.689664677671175,40.68968780160285,40.689943640804515,0.017931867134600196
6.8,CIRCLE,0.3948505219410382,0.8002916997894511,0.5002899395185768,-0.21913736586896382,0.24629094279295613,0.00026945190312922557,0.007742828091615355,-0.015428800191389265,0.0003081694880602299,0.3884411420884189,0.8148229329846299,0.5,0.0004246827127697612,1.1118775688301417e-06,-0.00013861659101578827,40.68949818949569,40.689236741825596,40.68923883896129,40.68950028663138,0.015884613724993783
6.96,CIRCLE,0.358093732622129,0.8378589924157566,0.5003270199411145,-0.23636366277826032,0.22679960660853082,0.00020689455204054083,0.009587550973356214,-0.013781683756771138,0.00030756080181606576,0.3548837399294234,0.8522180164808515,0.5,0.0004236639448197289,-1.0815951047809256e-05,-0.00012332928389983857,40.68933876855107,40.68910615459271,40.68908575439977,40.68931836835814,0.014717084195963723
7.12,CIRCLE,0.31885664011873893,0.8720829595591656,0.5003543678130492,-0.2507958088004315,0.20499085840330844,0.0001475474133452199,0.01136070838875575,-0.012449109213605956,0.00030708849940848886,0.3177427338173954,0.8860564144088889,0.5,0.0004240654742870296,-2.3011216337286925e-05,-9.506223534526826e-05,40.689385196160835,40.689205897277766,40.68916249533826,40.68934179422133,0.014022261024255503
7.28,CIRCLE,0.2775349487415499,0.9026102065886449,0.500372705429861,-0.26295211197420665,0.1810506956857812,9.350533954439493e-05,0.013037056267976733,-0.01136095701353887,0.000306348247739874,0.2773931723706487,0.9159964277757053,0.5,0.0004254741848789339,-3.5040455105775836e-05,-5.9120948948111133e-05,40.68957870555939,40.68946719629312,40.68940110575316,40.68951261501943,0.013392159181614441
7.44,CIRCLE,0.23445390446030448,0.9291203817615533,0.5003830319442932,-0.2732178613505311,0.15519900188716682,4.6245722839595636e-05,0.014592353539813266,-0.010431765621973767,0.00030554356917326513,0.2342425040902967,0.9417357233431629,0.5,0.0004275043255063908,-4.6482894062596994e-05,-2.042398380052487e-05,40.689864374153494,40.68982585204774,40.68973817968282,40.68977670178857,0.01262292544569113
7.6000000000000005,CIRCLE,0.18989108191873383,0.9513313287358346,0.5003865242465122,-0.2818321946218635,0.12768654901430754,6.645450705833847e-06,0.016004262969245238,-0.009572014532454208,0.000305417700908815,0.1887264629591252,0.9630143865787951,0.5,0.0004298152356103733,-5.704532255168841e-05,1.6846692219655234e-05,40.69019362072459,40.690225395625404,40.690117801241776,40.69008602634097,0.011747322200237094
7.76,CIRCLE,0.14409962679024982,0.9690036437050537,0.5003844478167904,-0.28889165121266364,0.09879086272622348,-2.49473777293303e-05,0.017252967595179917,-0.008697509667028397,0.00030703206180440653,0.14130466841463432,0.9796175462639272,0.5,0.0004321190564962056,-6.650098770554272e-05,4.9421925474249604e-05,40.690525164334204,40.69061838006814,40.690492951155434,40.690399735421494,0.010982464203197739
7.92,CIRCLE,0.09732962297655048,0.981944495113535,0.5003780784598186,-0.2943668032928958,0.06881133795082896,-4.8649567443828756e-05,0.01832161218697509,-0.007736508508863731,0.000311537842539676,0.09245598412756623,0.991377544255945,0.5,0.0004341878972488743,-7.470590055739363e-05,7.503438484725999e-05,40.69082605482816,40.69096757876083,40.690826674389285,40.690685150456616,0.010624392456758669
8.08,CIRCLE,0.04984586910931793,0.9900106797309393,0.500368633936153,-0.2981280182300651,0.03806534584564862,-6.496967439091382e-05,0.019191662961566477,-0.006634448550394787,0.0003199505304317403,0.0426736824528236,0.9981756284945256,0.5,0.0004358579282768403,-8.536354348326813e-05,9.240392766473443e-05,40.69107586482854,40.69125014982154,40.69108914384533,40.69091485885234,0.010873938602294414
8.24,CIRCLE,0.0019409814002924572,0.9931119344049082,0.5003572252836126,-0.29997644212166924,0.006892378370425143,-7.469337479537113e-05,0.01985030842861404,-0.005356368950911901,0.0003329579355941807,-0.0075395366180186375,0.9999431521559081,0.5,0.0004370230727427564,-8.458874320721932e-05,0.00010114652416618445,40.69124559248629,40.69143636707457,40.691276822465476,40.691086047877185,0.011690738546402872
8.4,CIRCLE,-0.046056662546649946,0.9912123304775375,0.5003447875023093,-0.29967662397493605,-0.024372684759439447,-7.913423488048479e-05,0.02030262611581113,-0.0038872847613716944,0.0003508175378958895,-0.05767662170415417,0.9966622668461899,0.5,0.0004376907228038548,-8.880507642911083e-05,0.00010162900891939224,40.69135151404751,40.69154319866044,40.6913757015365,40.691184016923565,0.012839164134248543
8.56,CIRCLE,-0.0937801067470714,0.9843282928859503,0.5003320270166954,-0.29698780646509043,-0.0554058208458014,-7.973033119388945e-05,0.020545630404767194,-0.002230902283141739,0.00037329953997651674,-0.10723129022316921,0.9883661028338008,0.5,0.00043793226987766734,-9.220142692269824e-05,9.492737884804833e-05,40.69139808415156,40.69157712867896,40.69140322562686,40.691224181099464,0.014048077734068208
8.72,CIRCLE,-0.1408256824374696,0.9725277656927274,0.5003194281635459,-0.2916915467051991,-0.08588641036962738,-7.782214345681917e-05,0.020576993538826343,-0.0004069639169276143,0.00039981402608574697,-0.15570314081536413,0.9751384345011787,0.5,0.0004378488401833734,-9.461396547582246e-05,8.209340238717839e-05,40.69139966657262,40.69155450466688,40.69137605127504,40.69122121318079,0.015108156530995799
8.88,CIRCLE,-0.1867588054934823,0.9559294415334098,0.50030727202001,-0.2836141997022308,-0.11550012789448488,-7.464814658927907e-05,0.02039702375471695,0.0015518160564405056,0.0004293195463116204,-0.20260270637968925,0.9571128343939004,0.5,0.00043756809278265655,-9.583303715840659e-05,6.47200085552095e-05,40.691374140975626,40.691496210746074,40.691315458037465,40.69119338826702,0.0158910046897133
9.040000000000001,CIRCLE,-0.23112280023716253,0.9347013865507656,0.5002956606081345,-0.27264315244208204,-0.1439427043991514,-7.120574382157267e-05,0.020008388453148503,0.003603939348989342,0.00046044076451895265,-0.2474563966959068,0.9344713244096531,0.5,0.00043721866779111913,-9.617977657372682e-05,4.459797706001037e-05,40.69133985147534,40.69142396865863,40.69124256195752,40.691158444774224,0.016337892062964522
9.200000000000001,CIRCLE,-0.27344971096176685,0.9090591202048502,0.5002845661396609,-0.25873701567274293,-0.17092301816311367,-6.818900751726133e-05,0.019415359720464966,0.005702409724803683,0.0004917326201511139,-0.2898112807225518,0.907442537747293,0.5,0.000436910693420434,-9.635793298149635e-05,2.3204499169277232e-05,40.69131295949918,40.691356725993494,40.691174983267835,40.69113121677352,0.016443700367221363
9.36,CIRCLE,-0.3132721831163681,0.8792633498505175,0.5002738823912171,-0.24192982661014592,-0.19616460194434987,-6.595037606928333e-05,0.018623424557521574,0.007798443959432438,0.0005217349313066126,-0.3292396602792048,0.8762994101765691,0.5,0.00043671915428120073,-9.460007854479157e-05,2.0243377418569625e-06,40.6913018987416,40.69130571688762,40.69112728968821,40.69112347154219,0.01624254527162339
9.52,CIRCLE,-0.3501354817069341,0.8456173761575357,0.5002634715376639,-0.22232981008595804,-0.21940878337831074,-6.45911480470797e-05,0.017641532334420194,0.009844767207178019,0.0005490865478084762,-0.36534338892819374,0.8413564239419884,0.5,0.00043668794945635864,-9.169040651817325e-05,-1.907905177339804e-05,40.691314270502275,40.69127828510113,40.69110534589538,40.69114133129652,0.015795745410862316
9.68,CIRCLE,-0.3836088794855097,0.8084638037913999,0.5002532076488296,-0.20011404823138712,-0.24041902371515397,-6.394096894035318e-05,0.016480845453572947,0.011797007955443868,0.0005726175719501524,-0.3977578924437973,0.8029664321317934,0.5,0.0004368170404870932,-8.773297210343234e-05,-3.7082988565133855e-05,40.69134731644202,40.69127737343671,40.69111189843132,40.69118184143663,0.015181560426091267
9.84,CIRCLE,-0.413295978363863,0.7681807535154942,0.5002430012555873,-0.17552066386471676,-0.25898336920085263,-6.372244063687951e-05,0.01515435560856114,0.013616543612722173,0.0005917066584672124,-0.4261558502703957,0.7615170955794593,0.5,0.0004370824101193194,-8.347607241962875e-05,-5.330971560145643e-05,40.69139930557752,40.691298757000794,40.69114131102349,40.69124185960022,0.014485844543937587
10.0,CIRCLE,-0.4388434010781087,0.7251777419784906,0.5002328178517366,-0.14883746491532754,-0.2749162089800293,-6.358300535314665e-05,0.013676080604308307,0.015271087957854743,0.0006061756075803819,-0.4502505007943247,0.7174269682777641,0.5,0.0004374365217577527,-7.823529438947402e-05,-6.67770471694551e-05,40.69146137531641,40.69133542572213,40.69118786448659,40.69131381408087,0.013793136737075306
10.16,CIRCLE,-0.4599476874671751,0.6798913680216218,0.5002226765038138,-0.1203910195822804,-0.2880594068390026,-6.319590825643834e-05,0.012061520291926277,0.016734856053887467,0.0006158734466074,-0.46979853705291014,0.6711412708347856,0.5,0.00043782393185745074,-7.236905419915609e-05,-7.746158309456473e-05,40.691525337987855,40.69137923606547,40.69124273926903,40.691388841191404,0.013177747272019015
10.32,CIRCLE,-0.47636039839479166,0.6327807776076463,0.5002126424741021,-0.0905351498963944,-0.2982836482790525,-6.230850934722653e-05,0.010327232621467298,0.01798891142734376,0.0006210085171632822,-0.4846025636399153,0.6231273946513199,0.5,0.00043819006847368026,-6.587449662864104e-05,-8.555471709678522e-05,40.69158300146493,40.69142163491214,40.691297387637434,40.69145875419022,0.012695129272725335
10.48,CIRCLE,-0.4878914089688899,0.584322971266624,0.5002028107873191,-0.05963998309895169,-0.30548926352556766,-6.078141378575432e-05,0.008490749896018444,0.01902056121763146,0.0006220412300864787,-0.4945130899976477,0.5738701822183918,0.5,0.000438490703529515,-5.879933736655874e-05,-9.129792608936519e-05,40.69162785502634,40.6914556560862,40.6913447534183,40.69151695235845,0.012375321844255506
10.64,CIRCLE,-0.4944105697523091,0.5350079943381391,0.5001932871915539,-0.028082265491394157,-0.30960689466043956,-5.859617016591082e-05,0.006570472597089555,0.019822640515860378,0.0006196829741622862,-0.49943003996753427,0.5238670311942458,0.5,0.0004386972516645659,-5.130183874045807e-05,-9.491151621741879e-05,40.69165587142737,40.69147685681882,40.6913800953409,40.69155910994945,0.012221027000769557
10.8,CIRCLE,-0.4958479551875333,0.4853340370610163,0.5001841697807737,0.00376287557934662,-0.31059798760042606,-5.583899404449899e-05,0.004585493929572042,0.02039271913161052,0.0006147583313174285,-0.49930376235577156,0.47362287169968675,0.5,0.0004387983352495932,-4.31483698052201e-05,-9.70248380105322e-05,40.69166567882037,40.6914826782311,40.691401295182565,40.69158429577184,0.012211794127506505
10.96,CIRCLE,-0.4921929377108114,0.4358024991277295,0.5001755375570806,0.03552864415504103,-0.3084547715940691,-5.264643369824115e-05,0.0025552957470074454,0.02073210253038655,0.0006079575008790968,-0.4941355323093944,0.42364506755086845,0.5,0.00043879398457525307,-3.415749724878657e-05,-9.782139052303968e-05,40.69165728379927,40.69147278081554,40.69140835564099,40.69159285862472,0.012312905008747849
11.120000000000001,CIRCLE,-0.4834923527754507,0.38691305293682327,0.5001674404530311,0.06686159389952924,-0.30320055132344736,-4.923359222872632e-05,0.0005004277148646644,0.020844978642267965,0.0006004654900658987,-0.48397753843988445,0.37443829291670894,0.5,0.00043870246027149097,-2.606701787621706e-05,-9.76173875526712e-05,40.6916354241305,40.69145130592107,40.69140214036996,40.69158625857939,0.012485314533231675
11.28,CIRCLE,-0.4698479986197931,0.33915863453468026,0.5001598920339695,0.09742523046925966,-0.29488976933548944,-4.581713993996082e-05,-0.0015590209716511763,0.02073761972220805,0.0005930511071029937,-0.46893235582434445,0.3264994361362753,0.5,0.00043855015387136157,-1.6915412454098812e-05,-9.655574883419909e-05,40.6916024325458,40.691420316715494,40.69138841220001,40.69157052803032,0.01269327661723176
11.44,CIRCLE,-0.45141367034637286,0.29302060900413385,0.5001528766661524,0.12690255303399062,-0.2836065867855804,-4.256701386756298e-05,-0.0036026988811053567,0.020417940304806013,0.0005866389234502552,-0.44915191020585227,0.28031258215720684,0.5,0.00043836271765415705,-7.4451292624659864e-06,-9.521885359981767e-05,40.69156349283637,40.69138389855232,40.6913698561373,40.69154945042136,0.012908635735449325
11.6,CIRCLE,-0.4283918755254926,0.2489640342110747,0.5001463536142146,0.154997597305292,-0.2694646930195148,-3.9618995622534584e-05,-0.0056101425050098614,0.019894719415560227,0.000582475199725091,-0.42483594385246826,0.2363441242623589,0.5,0.00043816632587005927,1.976505892381476e-06,-9.327421481091045e-05,40.69152265231283,40.691346725852924,40.69135045378229,40.691526380242195,0.013112139282257004
11.76,CIRCLE,-0.40103040509577054,0.20743301506241135,0.50014026614699,0.1814360448870972,-0.25260638489120446,-3.705478873934296e-05,-0.0075612533348201555,0.01917745386468993,0.0005812933070741795,-0.39622999856659535,0.19503805444627054,0.5,0.00043798269542765747,1.1379873614546319e-05,-9.09013569753461e-05,40.69148338244109,40.69131193147829,40.691333395297455,40.69150484626026,0.013292803546017713
11.92,CIRCLE,-0.36961881746003483,0.1688462597077988,0.5001345496498893,0.20596574762867584,-0.23320114079971996,-3.490197447934062e-05,-0.009436451721281576,0.018276216602562005,0.0005832972531803432,-0.3636229362121977,0.15681147999908274,0.5,0.00043782735963228837,2.069889258312274e-05,-8.816000413720251e-05,40.69144818427203,40.69128190383253,40.69132094444952,40.69148722488902,0.013446360778432722
12.08,CIRCLE,-0.3344848600046352,0.13359288222020443,0.500129138731882,0.22835705682467075,-0.21144399164881986,-3.314798154693817e-05,-0.01121691069064059,0.01720169221968722,0.0005888935711892655,-0.3273440217975101,0.12205041157129004,0.5,0.0004377102888964138,2.9886569713383692e-05,-8.528841129270453e-05,40.69141885601623,40.69125799174843,40.69131436143665,40.69147522570445,0.013573388515527715
12.24,CIRCLE,-0.29599084528576197,0.10202849264635619,0.500123974994604,0.24840301343145366,-0.18755365270340124,-3.1736125518380495e-05,-0.012884680383772005,0.015964911609712185,0.0005981321973062707,-0.28775959856816535,0.0911058652512996,0.5,0.0004376335095876931,3.90877634420569e-05,-8.167231798223535e-05,40.691394992571205,40.69124094869311,40.6913146729465,40.691468716824595,0.013677447917520026
12.4,CIRCLE,-0.25453001613666904,0.07447160643301062,0.5001190105572108,0.2659194498137197,-0.16177041141727705,-3.0584774924722045e-05,-0.014422822936347371,0.014577600602249458,0.0006106060087278694,-0.2452693886855435,0.0642903180168935,0.5,0.00043759323234715335,4.766833254131204e-05,-7.753071993548392e-05,40.6913768173067,40.691230584983856,40.69132049322924,40.69146672555208,0.01376343046313049
12.56,CIRCLE,-0.21052282840681288,0.051200393825444376,0.5001142121479234,0.28074583084297194,-0.13435402830802196,-2.9616458286421137e-05,-0.015815623122128815,0.013052544745663827,0.0006261514226875261,-0.20030245684596126,0.04187455235331905,0.5,0.00043758336978441865,5.583696463900081e-05,-7.34699329935792e-05,40.69136377156137,40.691225198374255,40.69133051364859,40.691469086835696,0.013836197397399712
12.72,CIRCLE,-0.16441308291611742,0.03244983282191314,0.5001095570312832,0.29274607242806877,-0.10558079057764781,-2.875514425417722e-05,-0.017049059519241138,0.011403189535101896,0.0006457296229742793,-0.15331287759994078,0.02408492190094924,0.5,0.0004375959261861411,6.318367928802933e-05,-6.8143948221971e-05,40.691353746267275,40.69122521853216,40.69134439059964,40.69147291833475,0.013899578969164529
12.88,CIRCLE,-0.1166639898276911,0.018409326002308754,0.5001050368777867,0.301808784190107,-0.07574093985521153,-2.7913842714038236e-05,-0.0181104687484586,0.009643926056277525,0.0006702198749514751,-0.10477515012282011,0.011101065743910121,0.5,0.000437618097224847,7.000347369846762e-05,-6.232267949755362e-05,40.69134522544571,40.691227677328065,40.69135971235333,40.691477260470975,0.013955866518360694
13.040000000000001,CIRCLE,-0.06775408752763913,0.009220745448890514,0.500100652941198,0.3078488134728773,-0.045135610217600416,-2.7051908682722467e-05,-0.018989162454199054,0.007790588638347792,0.00069924603574594,-0.05517940673819529,0.0030540944207098075,0.5,0.000437642183505748,7.618499535548404e-05,-5.597827102573694e-05,40.69133710695032,40.69123152515504,40.69137521927843,40.69148080107371,0.014005724289530406
13.200000000000001,CIRCLE,-0.01817292925141817,0.004976992480091428,0.5000964107060343,0.31080828384584214,-0.014073758732932129,-2.6146863931848163e-05,-0.01967617611554579,0.005859917490795058,0.0007323314625280691,-0.00502646357836475,2.5265974474109054e-05,0.5,0.00043766234334127643,8.147749850609713e-05,-4.877228245408558e-05,40.691328412115475,40.691236421686924,40.6913900981119,40.691482088540454,0.014048432300560907
13.36,CIRCLE,0.03158335917317846,0.005721030483543522,0.5000923190652746,0.310657440169771,0.017130824263582128,-2.5184898493873535e-05,-0.020164449197593193,0.0038696946268706716,0.0007683253389832771,0.04517723663996702,0.002045165411985961,0.5,0.0004376732649723487,8.586774928594448e-05,-4.0789336697595266e-05,40.69131841853906,40.69124148491253,40.69140344188191,40.691480375508434,0.014082400768909103
13.52,CIRCLE,0.08101667397557369,0.011445422375668583,0.5000883845339213,0.30739567916899324,0.04816281839912054,-2.4190814945525773e-05,-0.020449115500876813,0.0018388870516916785,0.0008061027455431404,0.09492473865704659,0.009093395857326658,0.5,0.0004376761240992861,8.940627427606003e-05,-3.2535261292490356e-05,40.691307735919544,40.691246370478375,40.691415001534224,40.691476366975394,0.014105818081658863
13.68,CIRCLE,0.12963167926228578,0.022092408310748993,0.5000846113850586,0.3010522522245163,0.07870866098850102,-2.3175468966523378e-05,-0.020527290737916357,-0.00021296198444071147,0.0008447864305291317,0.14371369388705785,0.02109878451883518,0.5,0.00043767038220803283,9.22293897194114e-05,-2.3671644685931576e-05,40.69129583396572,40.69125118637841,40.69142514217172,40.69146978975903,0.014117279596956108
13.84,CIRCLE,0.17694059596737965,0.03755448719406078,0.5000810007761783,0.2916864139750899,0.10845969557028723,-2.2161518444863405e-05,-0.020398157916175854,-0.0022656433641667414,0.0008834291205615316,0.1910514331170883,0.037940101389542014,0.5,0.0004376580150515078,9.401761307373566e-05,-1.4440058300749215e-05,40.691283544815015,40.6912563091171,40.69143363771612,40.691460873414044,0.014116337503017412
14.0,CIRCLE,0.22246802075748384,0.05767549703675382,0.5000775502133289,0.27938755670954607,0.13711523799621042,-2.117463559135651e-05,-0.02006301954727093,-0.004298578958098096,0.000921216333687552,0.2364599414641059,0.05944728342366151,0.5,0.00043764229064951197,9.485355150714512e-05,-4.9963013386202936e-06,40.69127143872199,40.69126201509287,40.691440920372955,40.69145034400208,0.014103867770821515
14.16,CIRCLE,0.26575571204863935,0.08225219337595432,0.5000742528494981,0.26427475808967993,0.1643857311788534,-2.0238388970891044e-05,-0.01952530706283878,-0.00629115411506435,0.0009574205484590136,0.2794806853530134,0.08540315182745312,0.5,0.00043762716108245516,9.47709522266937e-05,4.6817361106775445e-06,40.691260069157295,40.69126889947831,40.69144764896617,40.69143881864515,0.01408222087791946
14.32,CIRCLE,0.3063672642447043,0.11103631469140295,0.5000710997229785,0.24649595861495294,0.1899956738888185,-1.9362480855198645e-05,-0.018790467155167436,-0.008222912105523159,0.0009912579163654735,0.31967924277311704,0.11554560512330397,0.5,0.0004376149541606121,9.370770793487381e-05,1.4447437478587867e-05,40.691249989986275,40.691277239602215,40.69145398368263,40.69142673406669,0.014055160180900255
14.48,CIRCLE,0.3438926183855792,0.14373709765168477,0.500068079820635,0.2262267783593099,0.21368637913697508,-1.8558681047419717e-05,-0.0178659279875536,-0.01007385367933012,0.0010222073804510424,0.35664969005683606,0.1495702658415488,0.5,0.000437608858972873,9.170785482829036e-05,2.3966173749353495e-05,40.69124196437963,40.691287167484404,40.69146013959978,40.69141493649501,0.014027592937450215
14.64,CIRCLE,0.37795234404030026,0.1800242217619132,0.5000651818711581,0.20366893757050045,0.235218613437545,-1.7823983804393262e-05,-0.016761082029681185,-0.011824729329457169,0.0010496272017726125,0.390018700883112,0.18713355411382065,0.5,0.00043760990917561597,8.884829110695472e-05,3.336813462187342e-05,40.69123595557718,40.691298891918265,40.69146647055032,40.69140353420923,0.014005135580360362
14.8,CIRCLE,0.40820162315360764,0.2195311599521104,0.5000623949648695,0.17904819288119156,0.254375012248909,-1.7155303922841667e-05,-0.015487054569631386,-0.013457307585082671,0.0010731556170585623,0.41944931611391983,0.22785615713089347,0.5,0.00043761913376684746,8.494412260773022e-05,4.2334700676352976e-05,40.69123259624449,40.69131244461455,40.69147265951221,40.691392811142144,0.013993572384771648
14.96,CIRCLE,0.4343338801999225,0.2618588819450078,0.500059709844025,0.15261206364014307,0.2709622101625019,-1.653988218005386e-05,-0.01405670821813345,-0.01495455205864567,0.0010925475697981736,0.4446443463961985,0.27132685943054563,0.5,0.0004376357652163552,8.004308901487058e-05,5.0788125858922204e-05,40.69123179696003,40.691327589513264,40.69147856046831,40.69138276791507,0.013998281184369582
15.120000000000001,CIRCLE,0.45608402144319216,0.30657988441620293,0.5000571190219295,0.12462727228292633,0.2848127593673284,-1.5963859598810863e-05,-0.012484473154558192,-0.0163008603327819,0.0011070671892982823,0.46534937316984654,0.3171066953373336,0.5,0.0004376585351516923,7.449234048900538e-05,5.877505877350056e-05,40.69123299181208,40.691343848687595,40.691484350259,40.69137349338348,0.014023685441798793
15.280000000000001,CIRCLE,0.4732312312976454,0.35324251631346537,0.5000546181616891,0.09537679008120825,0.2957870112217385,-1.5410620653461022e-05,-0.01078631869726487,-0.017482341395969443,0.0011166094262777932,0.48135531777770024,0.364733381623073,0.5,0.0004376850881681643,6.825384932350627e-05,6.610080403310575e-05,40.69123603901419,40.69136071313205,40.69148944815396,40.6913647740361,0.014072801776566762
15.44,CIRCLE,0.48560128047907664,0.4013755592630025,0.5000522046876035,0.06515684872145365,0.30377435610108927,-1.4867328485768244e-05,-0.008979291656127947,-0.018486750440971873,0.0011214543906646532,0.49250055273471305,0.41372598562717655,0.5,0.00043771329092867953,6.132475329193889e-05,7.276313516957594e-05,40.691240616166404,40.69137785624726,40.69149352215528,40.69135628207442,0.01414693303736494
15.6,CIRCLE,0.49306835370976815,0.4504929702902786,0.5000498779505407,0.03427381229748824,0.3086942622557106,-1.4325430897234178e-05,-0.007081611063617435,-0.019303781750796542,0.0011221479976148282,0.4986725338368101,0.463589781698327,0.5,0.0004377412595843954,5.376445076631304e-05,7.866806412596024e-05,40.69124646695499,40.69139484444664,40.69149625070894,40.69134787321728,0.014245553403229643
15.76,CIRCLE,0.4955563563605825,0.5000987801641787,0.5000476383996311,0.0030409103492583475,0.3104971048234541,-1.3776167857232706e-05,-0.005112383841050018,-0.019925091029748376,0.0011193401557630352,0.499808936628439,0.513821246917302,0.5,0.0004377668328369568,4.5627858927634545e-05,8.36489551505541e-05,40.69125336524986,40.69141113730492,40.691497196970076,40.69133942491501,0.014366377488506128
15.92,CIRCLE,0.4930396964567302,0.5496920896639375,0.5000454879772005,-0.02822506484313886,0.3091646580503262,-1.3214745581528014e-05,-0.003091454408855952,-0.02034439684509998,0.0011142182504499188,0.49589828575280503,0.563913145654312,0.5,0.00043778812383360954,3.691316328319574e-05,8.767014612491889e-05,40.69126105699911,40.691426413507116,40.69149603620138,40.69133067969338,0.014505586351508606
16.080000000000002,CIRCLE,0.4855435347921217,0.5987721168797031,0.5000434275102948,-0.05920711223600672,0.30471031865433357,-1.265214467529703e-05,-0.0010392891744379637,-0.020557618074357208,0.001107946588954055,0.48698007082963457,0.613359651617161,0.5,0.00043780594209886435,2.7991319455483656e-05,9.099792527786528e-05,40.691269065403446,40.69144069850576,40.691493493522586,40.691321860420274,0.014658161257547419
16.240000000000002,CIRCLE,0.4731434938798025,0.646843257414077,0.5000414574392557,-0.08959135348337614,0.29717903000810353,-1.208633437851282e-05,0.0010234303993445794,-0.020562691832632474,0.0011013279927291784,0.47314434769033603,0.661661455667968,0.5,0.00043781915111838803,1.8850538157612166e-05,9.33921499616802e-05,40.69127745373791,40.69145360263779,40.69148915703461,40.69131300813473,0.014818256271905928
16.4,CIRCLE,0.45596486229659466,0.6934200814438799,0.5000395781668111,-0.11907012217240086,0.28664673031879606,-1.1518167879721001e-05,0.0030759112351898504,-0.020359673545352792,0.0010951270733663605,0.454530828997273,0.7083308078298833,0.5,0.000437827068987309,9.387450339619569e-06,9.474983958678723e-05,40.691286312016054,40.69146502168292,40.69148272755061,40.69130401788374,0.014979578742177986
16.56,CIRCLE,0.43418129857850385,0.7380322256379789,0.5000377892418446,-0.14734511340673132,0.27321961809737905,-1.0956965162027079e-05,0.0050974157320878314,-0.019950788087873306,0.0010902093772715172,0.43132747343004446,0.7528964425697884,0.5,0.0004378305242441887,-2.3027776476446625e-07,9.528808588921784e-05,40.691295404464306,40.69147512932884,40.6914746949971,40.69129497013256,0.015135742168809259
16.72,CIRCLE,0.40801303605821176,0.7802291416157193,0.5000360895480146,-0.17413043797400068,0.25703313374336834,-1.0401859283473336e-05,0.007067504609875904,-0.019340270999583,0.0010874935474773355,0.40376858768512147,0.7949083376216454,0.5,0.0004378289134777706,-9.710896511936316e-06,9.4680846590363e-05,40.69130467087494,40.69148325041265,40.69146493448634,40.69128635494862,0.015280557575811813
16.88,CIRCLE,0.3777246267314964,0.8195846503925255,0.5000344771373169,-0.19915543736225136,0.23825062712238798,-9.864087302485434e-06,0.008966256942717396,-0.018534463250084184,0.0010875937551380363,0.3721324604547858,0.8339422582960523,0.5,0.0004378237175233735,-1.9090926747721134e-05,9.337029364416623e-05,40.6913139558164,40.69149006349263,40.69145405569384,40.691277948017614,0.015408258079704931
17.04,CIRCLE,0.3436222323820545,0.8557012510049565,0.5000329491151126,-0.22216746375837398,0.2170616684763131,-9.343456188918433e-06,0.010774510390314084,-0.017541572265648477,0.0010910359417172066,0.3367385522773631,0.8696040413877337,0.5,0.0004378148675677709,-2.8384689245503775e-05,9.0947227525752e-05,40.69132364813979,40.691495185620006,40.69144164866014,40.691270111179925,0.015513662296677513
17.2,CIRCLE,0.30605051186025195,0.8882141346805532,0.5000315023912142,-0.24293427709012447,0.19368015010139233,-8.844357967266669e-06,0.012473977506454107,-0.01637171877741637,0.0010983206644948494,0.2979442696355604,0.901533575422196,0.5,0.0004378030766803373,-3.7321783705958735e-05,8.764991901010703e-05,40.691333377503966,40.69149869586118,40.691428302459336,40.69126298410212,0.015592294798270031
17.36,CIRCLE,0.2653891218814918,0.9167948754312996,0.5000301333876572,-0.2612464483177198,0.16834215003118122,-8.367699575854253e-06,0.014047472952808494,-0.01503678096037198,0.0011097585651121036,0.25614135587794074,0.929408437049169,0.5,0.000437788651010033,-4.5927238016073724e-05,8.34863419892334e-05,40.69134320694723,40.691500672294175,40.69141404796382,40.69125658261687,0.015640461015113162
17.52,CIRCLE,0.2220488694618183,0.9411547679530762,0.5000288384431558,-0.2769193820390238,0.1413039254512533,-7.911761747044873e-06,0.015476640310309334,-0.013550267551610675,0.001125384173794724,0.2117519354078913,0.9529471468626469,0.5,0.00043777153487374024,-6.356226893903345e-05,7.851085236260872e-05,40.69136190486232,40.69150998583356,40.69139009970018,40.691242018728936,0.015655282907492078
17.68,CIRCLE,0.17646755916769755,0.9610486989358118,0.5000276240882959,-0.2897951421541305,0.11285104974701385,-7.352334162203133e-06,0.0167356214892449,-0.011927140656070707,0.0011454104678533935,0.16522425108574015,0.9719120117703683,0.5,0.0004377302956611577,-5.943119973234002e-05,7.261475782699645e-05,40.69135724435543,40.69149420457865,40.69138211014185,40.69124514991863,0.01563407513917928
17.84,CIRCLE,0.1291055670848928,0.9762792777356042,0.5000265069725623,-0.29974416451458497,0.08328348311775356,-6.751926068672176e-06,0.017827442250605466,-0.010184003456984347,0.001169973540263205,0.11702813788756958,0.986111525210592,0.5,0.00043767023102430025,-6.511449844142465e-05,6.623388896018418e-05,40.69135940922801,40.69148433436016,40.691361520534045,40.6912365954019,0.01557363441992117
18.0,CIRCLE,0.08044118171787179,0.9866960217272689,0.5000254732384105,-0.30666625339023523,0.052891514066589845,-6.284168778106897e-06,0.018746241943575655,-0.008338088241682539,0.0011973918082167619,0.06765027852759105,0.9954023009788503,0.5,0.00043762077800927994,-7.208992299253614e-05,5.883317983679492e-05,40.69136538197393,40.69147634847282,40.69134037815162,40.691229411652735,0.01547278745784114
18.16,CIRCLE,0.0309658239342107,0.9921953605180146,0.5000245013330352,-0.3104916701494166,0.021971519060942364,-5.953582927174192e-06,0.019481569972285846,-0.0064082316719047535,0.0012271229337966,0.01758928895261939,0.9996905211369747,0.5,0.00043758688417065055,-7.802119058552539e-05,5.111623995221595e-05,40.69137305461813,40.69146946603427,40.69132230862441,40.69122589720827,0.015333288007895308
18.32,CIRCLE,-0.01882094183110739,0.9927219086379951,0.5000235694167944,-0.31118208982845735,-0.009172565983792205,-5.753235050571611e-06,0.02002479996250257,-0.004413827570167464,0.0012588589958292572,-0.03264931666481782,0.9989328833834471,0.5,0.0004375719501611322,-8.286356760049988e-05,4.2618037382937014e-05,40.691383345099844,40.69146372787724,40.69130743715817,40.69122705438078,0.015159179177898986
18.48,CIRCLE,-0.06841644090870826,0.9882693630319366,0.5000226611156771,-0.3087307089888382,-0.040232561858575565,-5.635767057109239e-06,0.020369404720952253,-0.0023750169450182453,0.0012925563106866596,-0.08255823059142851,0.9931370383185718,0.5,0.0004375720068999095,-8.726186110453787e-05,3.3901656956526884e-05,40.69139572173339,40.69145966436219,40.69129507792916,40.69123113530036,0.014956102154390903
18.64,CIRCLE,-0.11731995652453493,0.9788808647134499,0.5000217660133878,-0.30316243628440365,-0.0708992967896825,-5.571728729619159e-06,0.02051073252104086,-0.0003123128066602661,0.0013274025365521405,-0.13163347430942002,0.9823615121889715,0.5,0.0004375846492584371,-9.092345418760346e-05,2.4829412032933396e-05,40.691409669525385,40.691456500802055,40.691285008161245,40.691238176884575,0.014730654160165974
18.8,CIRCLE,-0.16503777350649596,0.9646488750926944,0.5000208785448607,-0.29453353953509537,-0.10086554790439206,-5.531171498474474e-06,0.02044610610897789,0.0017535211715601607,0.0013626499661244574,-0.17937948767444925,0.9667151158915384,0.5,0.0004376063725904679,-9.339511126009253e-05,1.551120675921393e-05,40.69142411987856,40.691453375892124,40.69127722140687,40.6912479653933,0.014489808564219034
18.96,CIRCLE,-0.21108815247051657,0.9457145581831776,0.5000199980716918,-0.28293117204845064,-0.12982930318547298,-5.482964579396975e-06,0.020175206746012826,0.0038016346062695596,0.001397342821831095,-0.22531413306513653,0.9463558462046913,0.5,0.00043763241030548894,-9.496409241918527e-05,6.060372267742111e-06,40.691438505746255,40.691449936341954,40.69127082256831,40.691259391972615,0.01424044150045609
19.12,CIRCLE,-0.2550061928916908,0.9222666080050145,0.5000191272415727,-0.26847248029512405,-0.1574972512119655,-5.4111674988136e-06,0.01969988857816898,0.005811409170782703,0.0014306041055840324,-0.26897356399238515,0.9214892903422747,0.5,0.0004376596193978397,-9.592699519923582e-05,-3.5386996220332996e-06,40.6914526395013,40.69144596508546,40.69126503516062,40.69127170957646,0.013988997250149456
19.28,CIRCLE,-0.2963485186414674,0.8945395764953855,0.5000182717225451,-0.25130340252252115,-0.18358751166219114,-5.295945615234386e-06,0.019023296993930416,0.007762568780944472,0.0014616927350589951,-0.309916909005481,0.8923665499408536,0.5,0.0004376835408498834,-9.576305445080239e-05,-1.303385586572296e-05,40.691465108336644,40.69144052490674,40.69125990419399,40.6912844876239,0.013741309811397298
19.44,CIRCLE,-0.33469775167775423,0.8628118799139044,0.5000174404431398,-0.23159723427882317,-0.20783150334303646,-5.120284925965139e-06,0.018151047056696193,0.009635445111137807,0.0014899541543609792,-0.3477307235970236,0.8592817054439181,0.5,0.00043769936667687213,-9.384076105195126e-05,-2.2502618551242977e-05,40.691474652388,40.69143220972549,40.6912552146908,40.6912976573533,0.013502621708618816
19.6,CIRCLE,-0.36966672466007017,0.8274032427446598,0.5000166424058017,-0.20955288777672615,-0.22997873161665325,-4.895227005070853e-06,0.017092326945741265,0.011411111305477777,0.001514788025632268,-0.38203316515152247,0.8225688464875516,0.5,0.00043770657253785767,-9.093094652534413e-05,-3.161028158666133e-05,40.691481602527666,40.69142198171019,40.69125047493793,40.6913100957554,0.013277820399788667
19.76,CIRCLE,-0.4009023936738667,0.7886713742887532,0.5000158828605691,-0.18539290574276351,-0.24980094159014488,-4.647004722166263e-06,0.01585854074703497,0.013071650985478014,0.0015358733992280825,-0.41247784877916144,0.7825986982746298,0.5,0.00043770778414425714,-8.693952712919822e-05,-4.0417374644175007e-05,40.6914863298286,40.69141009776753,40.69124611929541,40.691322351356476,0.013071679583453065
19.92,CIRCLE,-0.42808940106051957,0.7470081591771972,0.500015163308516,-0.1593611570955984,-0.2670946122335486,-4.398513745981104e-06,0.014462906791742784,0.014600340226981309,0.0015529275075819406,-0.4387573450986483,0.7397748780043181,0.5,0.0004377059193029316,-8.22137244290836e-05,-4.896096123594714e-05,40.69148964421127,40.6913972979117,40.69124223287551,40.691334579175084,0.012888972668622536
20.080000000000002,CIRCLE,-0.4509532529919288,0.7028354939153232,0.5000144817445334,-0.13172038653822657,-0.2816830599542571,-4.170052558459753e-06,0.012920242919168306,0.01598171635393158,0.0015659136032536906,-0.46060628464866976,0.6945298191592965,0.5,0.00043770427792428295,-7.656938744606836e-05,-5.688853156470881e-05,40.69149154569333,40.691384247036474,40.691239827903075,40.69134712655993,0.012734420404551899
20.240000000000002,CIRCLE,-0.46926309534836413,0.6566008318810447,0.5000138339269888,-0.10274962990341754,-0.29341806098770495,-3.971886214366793e-06,0.011246764303834766,0.017201808653727904,0.0015749264587597166,-0.4778040375796958,0.6473204048071436,0.5,0.00043770512224509836,-7.014637994936699e-05,-6.419075787817623e-05,40.69149250434695,40.691371432807344,40.69123912824358,40.69136019978318,0.012612462576772114
20.400000000000002,CIRCLE,-0.48283405192140166,0.6087725002576327,0.5000132139652768,-0.07274141047589268,-0.3021811430921378,-3.8122820112542238e-06,0.009459878667487206,0.01824826858139707,0.0015797662047008798,-0.4901769415667099,0.5986233540106313,0.5,0.0004377108121181085,-6.318763685660665e-05,-7.097427906613046e-05,40.69149321178198,40.691359345700285,40.69124016616836,40.69137403225006,0.012526905942613164
20.56,CIRCLE,-0.49152909316871657,0.5598348335006733,0.5000126181959158,-0.041998668548038166,-0.30788469020424214,-3.669763480234832e-06,0.007578079069933716,0.01911054782053117,0.0015808155678770166,-0.4976000554454666,0.548930407934827,0.5,0.0004377186128465346,-5.532245812588815e-05,-7.669263591003693e-05,40.69149238362975,40.691347732034835,40.69124338718207,40.691388038776985,0.012480514376646254
20.72,CIRCLE,-0.4952604117782346,0.5102831710735949,0.5000120419896612,-0.010831735528426848,-0.31047254947254616,-3.5568133736212916e-06,0.005620739613088394,0.019780040284422342,0.0015786785311859473,-0.49999842086412705,0.49874336426149896,0.5,0.00043773133053084126,-4.7292408090138065e-05,-8.198243765143904e-05,40.69149174997484,40.69133712117351,40.69124792196713,40.691402550768466,0.012474614878544751
20.88,CIRCLE,-0.4939903005189043,0.46061878529975253,0.5000114835080672,0.02044477029382301,-0.30992031135982057,-3.4483576302098365e-06,0.0036075804291877405,0.0202498120738293,0.0015742736418269889,-0.4973478192101481,0.4485690100531805,0.5,0.00043774532038625335,-3.862910615097157e-05,-8.63614825440585e-05,40.69148985534449,40.691326967134415,40.691254107964184,40.69141699617426,0.01250880278547507
21.04,CIRCLE,-0.4877315523234746,0.4113438157980685,0.5000109414092824,0.051515055525864634,-0.3062352710064302,-3.3477670457403226e-06,0.0015590729305531847,0.020515195869224657,0.0015683863489832275,-0.48967501616901016,0.3989140042346141,0.5,0.0004377612717509594,-2.9838998724976548e-05,-8.998582322583505e-05,40.691487430242105,40.69131770608679,40.69126142612321,40.691431150278525,0.012580834111310977
21.2,CIRCLE,-0.47654732540105055,0.36295618853098477,0.5000104158779743,0.0820654188935766,-0.29945637129215447,-3.2412127455228425e-06,-0.0005042099321972567,0.02057344829927451,0.0015619346322430724,-0.47705749144523435,0.3502797613681432,0.5,0.00043777685650007986,-2.074954521798277e-05,-9.258917660138664e-05,40.69148370375608,40.69130906936115,40.691269933207145,40.691444567602076,0.012686693166384199
21.36,CIRCLE,-0.4605505147818578,0.3159446184937142,0.5000099085484567,0.11178734983483651,-0.2896535097255613,-3.121427289894224e-06,-0.0025615865471186705,0.02042397539095901,0.0015557324533608896,-0.45962265637495775,0.3031573883864891,0.5,0.0004377904373726886,-1.1447531066477619e-05,-9.430509633309389e-05,40.69147863256581,40.69130076173856,40.69127917030925,40.6914570411365,0.012820853061232382
21.52,CIRCLE,-0.43990261597588337,0.2707837222966088,0.5000094221118523,0.14038069146670887,-0.2769268228848234,-2.983677469978485e-06,-0.0045924558794793735,0.020068273503546945,0.0015505864048386872,-0.43754656733058706,0.2580227254116204,0.5,0.00043780051812060985,-1.9913392302247637e-06,-9.506643950572629e-05,40.69147197892424,40.69129267211161,40.691288916204776,40.69146822301741,0.012976675055416838
21.68,CIRCLE,-0.4148120963212452,0.22792927627076245,0.5000089592045928,0.16755667977262528,-0.2614056442744485,-2.8297372040199773e-06,-0.006576500118457118,0.01950994879918369,0.00154735587585964,-0.4110521479095317,0.21533154073736854,0.5,0.00043780660733408456,7.446117427379164e-06,-9.489262816484367e-05,40.69146384884525,40.691284869861846,40.69129891414066,40.691477893124066,0.01314687160108554
21.84,CIRCLE,-0.38553229046322285,0.18781366643716846,0.5000085228798555,0.19304083347455075,-0.2432472063366821,-2.656558566017193e-06,-0.008493847524012263,0.01875459533395679,0.001546853689548571,-0.3804069378592852,0.17551492849666883,0.5,0.0004378073463254596,1.679504970457141e-05,-9.371797692574765e-05,40.6914540378113,40.69127727436233,40.6913089518591,40.69148571530807,0.013323973389468191
22.0,CIRCLE,-0.35235884926266847,0.15084156784677788,0.5000081153115494,0.2165757440502416,-0.22263510548215942,-2.473664843064491e-06,-0.0103253063418796,0.017809892530061294,0.001549668741834153,-0.345920391470145,0.1389749554876537,0.5,0.00043780351097121376,2.604807056931155e-05,-9.16839013529239e-05,40.691442805151695,40.69126987821547,40.691319008029666,40.69149193496588,0.013500751589674802
22.16,CIRCLE,-0.31562674831865034,0.1173859008848234,0.5000077378192683,0.23792370893423442,-0.199777454331648,-2.28222744786075e-06,-0.0120525317722847,0.016685341324662928,0.0015562058164463365,-0.3079407527162946,0.10608060111677431,0.5,0.00043779475340861927,3.5038104837026036e-05,-8.866542638702869e-05,40.69143013721623,40.691262903489175,40.69132898959623,40.691496223323284,0.013670566598306351
22.32,CIRCLE,-0.2757069111994896,0.08778410177461893,0.5000073912298008,0.2568690718504619,-0.174904839167282,-2.0889932558650604e-06,-0.013658183866077244,0.015392316834958213,0.0015667670005602584,-0.2668515386999838,0.07716403145729067,0.5,0.0004377816958538103,4.370189467059189e-05,-8.473444251468591e-05,40.691416256889866,40.69125643747424,40.69133886453768,40.691498683953306,0.013827637913985101
22.48,CIRCLE,-0.23300246291536192,0.06233473667478695,0.5000070751160723,0.2732204465603554,-0.14826811680730984,-1.9000481854853111e-06,-0.015126073375578772,0.013943858004269212,0.001581478894154612,-0.2230676669088534,0.05251724504754285,0.5,0.00043776513690257316,5.1826585641219264e-05,-7.979762333828105e-05,40.69140139937881,40.69125089140175,40.69134864261584,40.691499150592904,0.013967224620489676
22.64,CIRCLE,-0.18794466261643972,0.04129448996874742,0.5000067887000033,0.2868126215949223,-0.12013594727004437,-1.7191019157734038e-06,-0.016441442917108667,0.012354622527755144,0.0015999211595669712,-0.17703126539323463,0.03238912429962654,0.5,0.00043774558778341647,5.9466499953499054e-05,-7.415425222366128e-05,40.691385874105535,40.691246010209525,40.69135817122681,40.69149803512282,0.01408573117515257
22.8,CIRCLE,-0.14098853878175938,0.02487558232534816,0.5000065293152752,0.2975083641061633,-0.09079199683005873,-1.5585413797903299e-06,-0.017591078232221957,0.01064072274205717,0.0016216444926187392,-0.12920720817211792,0.016982922293251657,0.5,0.00043772534856752047,6.663323059634776e-05,-6.784340328352343e-05,40.691370059758036,40.691242098887045,40.691367777225864,40.691495738096854,0.014180757241695036
22.96,CIRCLE,-0.09260827995288953,0.013243634531783467,0.5000062936856686,0.3051997310885207,-0.06053218571584437,-1.4178080172178208e-06,-0.01856333726324163,0.008819450105905055,0.00164636102456363,-0.08007842095109108,0.006454210333043331,0.5,0.0004377048623833578,7.308768071691453e-05,-6.076375251455856e-05,40.69135415422897,40.69123954643632,40.691377398649365,40.69149200644202,0.014251094244508636
23.12,CIRCLE,-0.043292446586802286,0.006515984448347767,0.5000060786197974,0.30980910472964934,-0.02966176281115275,-1.2987311456427656e-06,-0.019348356177309012,0.006909168357218046,0.0016736118709673657,-0.030141004554972404,0.000909306994793635,0.5,0.0004376849510273832,7.880093764277323e-05,-5.314442362592666e-05,40.69133852690464,40.691238290088585,40.69138691819578,40.691487155011835,0.014296688306541223
23.28,CIRCLE,0.0064609599697025965,0.004760488278304249,0.5000058811644247,0.31128999130253426,0.0015077854665537758,-1.1939119600619305e-06,-0.019938245509568422,0.0049292224871616075,0.0017026963535719253,0.02010077468147638,0.0004042045240927883,0.5,0.00043766497031491705,8.394300642519914e-05,-4.516930319677052e-05,40.69132309207486,40.69123789730131,40.69139622397267,40.691481418746214,0.014318581916754964
23.44,CIRCLE,0.05614953390491418,0.007994830656050342,0.5000056972368564,0.30962751125672683,0.03266189555200898,-1.1250524188100678e-06,-0.020326864924332628,0.0028994491375202926,0.0017327988149914023,0.07013957697786619,0.004944003428535404,0.5,0.00043764909043555626,8.761764002107001e-05,-3.608191890280005e-05,40.69130862115524,40.6912405662885,40.69140582376364,40.691473878630376,0.01431882971522836
23.6,CIRCLE,0.10527151599077655,0.016186311731165446,0.500005522790846,0.3048383600163826,0.06348592554027938,-1.0685736310397758e-06,-0.020510380717424163,0.0008404690140710524,0.0017641801061902534,0.11947011220805505,0.014482860972967582,0.5,0.0004376344517587706,9.085092551163403e-05,-2.7168500133330307e-05,40.69129492088212,40.69124367780215,40.69141503364511,40.69146627672508,0.014300416411004917
23.76,CIRCLE,0.15333087718647045,0.02925218709230483,0.5000053558323201,0.2969710491250196,0.09366877954444364,-1.029274817520468e-06,-0.020486963606595188,-0.00122690810254335,0.0017960641179576042,0.1675942423026835,0.028924454097870422,0.5,0.00043762217988082115,9.314655699256373e-05,-1.790903830043952e-05,40.69128214153989,40.69124836292578,40.6914240486076,40.691457827221704,0.014267130827148946
23.92,CIRCLE,0.1998423385833274,0.04706051014732618,0.5000051933141154,0.2861050992940338,0.12290573197987252,-1.0090466258908212e-06,-0.02025676216336721,-0.0032818812399038285,0.0018275623682803641,0.2140260114304749,0.04812295208634215,0.5,0.0004376132037893536,9.446043037192493e-05,-8.394107066151194e-06,40.691270552620594,40.69125472031856,40.691432884124616,40.69144871642665,0.014223409762753823
24.080000000000002,CIRCLE,0.24433625814963192,0.06943144550273027,0.5000050326181772,0.2723502641461946,0.15090153259081182,-1.0028725002953396e-06,-0.019822101834371136,-0.005303708239207004,0.0018578259103937487,0.258296553163722,0.07188448915772683,0.5,0.0004376073027473281,9.49079536613023e-05,1.1438423565486892e-06,40.69126023064766,40.6912623880728,40.69144139596195,40.69143923853681,0.014174176709107079
24.240000000000002,CIRCLE,0.28636337104292914,0.09613908284526743,0.5000048713621095,0.255845459027236,0.17737346718916333,-1.0134437755018916e-06,-0.01918732781947547,-0.00727199103193344,0.0018861954277869894,0.2999588250755437,0.09996912211768033,0.5,0.00043760542409212224,9.425407553382165e-05,1.0708313846055108e-05,40.69125153928151,40.69127173645765,40.69144951105349,40.69142931387735,0.014124644948151091
24.400000000000002,CIRCLE,0.32549932633457623,0.1269137128492047,0.5000047072510213,0.23675738755934778,0.20205416531484321,-1.035077746122739e-06,-0.018358852929507383,-0.009166843352889443,0.0019119624956260484,0.338592122959135,0.1320932532964012,0.5,0.0004376072097272563,9.277390939152263e-05,2.0116209873989805e-05,40.69124433682282,40.691282278429696,40.69145726125302,40.691419319646144,0.014080091791405834
24.560000000000002,CIRCLE,0.3613489738786809,0.1614445535790601,0.5000045390644363,0.2152788235058685,0.2246944022816227,-1.0640375900570814e-06,-0.017345050223729945,-0.010969179367177081,0.0019344605643787443,0.3738063290845538,0.1679324943082653,0.5,0.0004376123782011044,9.033169823111618e-05,2.9316944134868527e-05,40.6912387558372,40.691294051142634,40.69146442766008,40.69140913235464,0.014045607649157571
