t,mode,px,py,pz,ref_px,ref_py,ref_pz,pos_error,yaw
0.016,TAKEOFF,0.0,0.0,0.01679415406518603,0.0,0.0,0.5,0.48320584593481397,0.0
0.024,TAKEOFF,0.0,0.0,0.017433741003173645,0.0,0.0,0.5,0.48256625899682637,0.0
0.032,TAKEOFF,0.0,0.0,0.017945303415533985,0.0,0.0,0.5,0.48205469658446604,0.0
0.04,TAKEOFF,0.0,0.0,0.018354467786087365,0.0,0.0,0.5,0.48164553221391265,0.0
0.048,TAKEOFF,0.0,0.0,0.018681731070432698,0.0,0.0,0.5,0.4813182689295673,0.0
0.056,TAKEOFF,0.0,0.0,0.018943487390448974,0.0,0.0,0.5,0.481056512609551,0.0
0.064,TAKEOFF,0.0,0.0,0.01915284928989332,0.0,0.0,0.5,0.4808471507101067,0.0
0.07200000000000001,TAKEOFF,0.0,0.0,0.019320304601236116,0.0,0.0,0.5,0.4806796953987639,0.0
0.08,TAKEOFF,0.0,0.0,0.019454241828795363,0.0,0.0,0.5,0.48054575817120465,0.0
0.088,TAKEOFF,0.0,0.0,0.019561370366994735,0.0,0.0,0.5,0.48043862963300527,0.0
0.096,TAKEOFF,0.0,0.0,0.01964705660438526,0.0,0.0,0.5,0.48035294339561474,0.0
0.10400000000000001,TAKEOFF,0.0,0.0,0.019715592750406737,0.0,0.0,0.5,0.48028440724959326,0.0
0.112,TAKEOFF,0.0,0.0,0.019770411851641592,0.0,0.0,0.5,0.4802295881483584,0.0
0.12,TAKEOFF,0.0,0.0,0.019814259768701346,0.0,0.0,0.5,0.4801857402312987,0.0
0.128,TAKEOFF,0.0,0.0,0.019849332728848534,0.0,0.0,0.5,0.48015066727115147,0.0
0.136,TAKEOFF,0.0,0.0,0.019877387344989315,0.0,0.0,0.5,0.48012261265501066,0.0
0.14400000000000002,TAKEOFF,0.0,0.0,0.019899828612387482,0.0,0.0,0.5,0.4801001713876125,0.0
0.152,TAKEOFF,0.0,0.0,0.019917780291254735,0.0,0.0,0.5,0.48008221970874526,0.0
0.16,TAKEOFF,0.0,0.0,0.01993214120100059,0.0,0.0,0.5,0.4800678587989994,0.0
0.168,TAKEOFF,0.0,0.0,0.019943630246176514,0.0,0.0,0.5,0.4800563697538235,0.0
0.176,TAKEOFF,0.0,0.0,0.019952822429668098,0.0,0.0,0.5,0.4800471775703319,0.0
0.184,TAKEOFF,0.0,0.0,0.01996017765719965,0.0,0.0,0.5,0.48003982234280035,0.0
0.192,TAKEOFF,0.0,0.0,0.019966063776099507,0.0,0.0,0.5,0.4800339362239005,0.0
0.2,TAKEOFF,0.0,0.0,0.019970775002442414,0.0,0.0,0.5,0.48002922499755757,0.0
0.20800000000000002,TAKEOFF,0.0,0.0,0.019974546659668222,0.0,0.0,0.5,0.48002545334033175,0.0
0.216,TAKEOFF,0.0,0.0,0.019977566967001148,0.0,0.0,0.5,0.48002243303299885,0.0
0.224,TAKEOFF,0.0,0.0,0.019979986468205074,0.0,0.0,0.5,0.4800200135317949,0.0
0.232,TAKEOFF,0.0,0.0,0.019981925573004027,0.0,0.0,0.5,0.48001807442699596,0.0
0.24,TAKEOFF,0.0,0.0,0.01998348058895181,0.0,0.0,0.5,0.48001651941104817,0.0
0.248,TAKEOFF,0.0,0.0,0.01998472854591453,0.0,0.0,0.5,0.48001527145408546,0.0
0.256,TAKEOFF,0.0,0.0,0.01998573105484624,0.0,0.0,0.5,0.48001426894515375,0.0
0.264,TAKEOFF,0.0,0.0,0.019986537394161286,0.0,0.0,0.5,0.4800134626058387,0.0
0.272,TAKEOFF,0.0,0.0,0.019987186978313774,0.0,0.0,0.5,0.48001281302168625,0.0
0.28,TAKEOFF,0.0,0.0,0.019987711332246482,0.0,0.0,0.5,0.48001228866775353,0.0
0.28800000000000003,TAKEOFF,0.0,0.0,0.01998813567061833,0.0,0.0,0.5,0.4800118643293817,0.0
0.296,TAKEOFF,0.0,0.0,0.019988480160921106,0.0,0.0,0.5,0.4800115198390789,0.0
0.304,TAKEOFF,0.0,0.0,0.019988760933760678,0.0,0.0,0.5,0.4800112390662393,0.0
0.312,TAKEOFF,0.0,0.0,0.019988990890912255,0.0,0.0,0.5,0.4800110091090877,0.0
0.32,TAKEOFF,0.0,0.0,0.019989180351628874,0.0,0.0,0.5,0.4800108196483711,0.0
0.328,TAKEOFF,0.0,0.0,0.01998933756957962,0.0,0.0,0.5,0.4800106624304204,0.0
0.336,TAKEOFF,0.0,0.0,0.019989469146313377,0.0,0.0,0.5,0.4800105308536866,0.0
0.34400000000000003,TAKEOFF,0.0,0.0,0.019989580361960385,0.0,0.0,0.5,0.4800104196380396,0.0
0.352,TAKEOFF,0.0,0.0,0.019989675439737918,0.0,0.0,0.5,0.4800103245602621,0.0
0.36,TAKEOFF,0.0,0.0,0.01998975775751042,0.0,0.0,0.5,0.48001024224248956,0.0
0.368,TAKEOFF,0.0,0.0,0.019989830017002056,0.0,0.0,0.5,0.48001016998299795,0.0
0.376,TAKEOFF,0.0,0.0,0.01998989437913835,0.0,0.0,0.5,0.48001010562086166,0.0
0.384,TAKEOFF,0.0,0.0,0.019989952572296743,0.0,0.0,0.5,0.48001004742770326,0.0
0.392,TAKEOFF,0.0,0.0,0.01999000597888887,0.0,0.0,0.5,0.4800099940211111,0.0
0.4,TAKEOFF,0.0,0.0,0.019990055704611834,0.0,0.0,0.5,0.4800099442953882,0.0
0.40800000000000003,TAKEOFF,0.0,0.0,0.01999010263383759,0.0,0.0,0.5,0.4800098973661624,0.0
0.41600000000000004,TAKEOFF,0.0,0.0,0.019990147473915153,0.0,0.0,0.5,0.48000985252608486,0.0
0.424,TAKEOFF,0.0,0.0,0.019990190790604927,0.0,0.0,0.5,0.48000980920939507,0.0
0.432,TAKEOFF,0.0,0.0,0.019990233036420193,0.0,0.0,0.5,0.48000976696357983,0.0
0.44,TAKEOFF,0.0,0.0,0.019990274573295573,0.0,0.0,0.5,0.48000972542670445,0.0
0.448,TAKEOFF,0.0,0.0,0.019990315690717967,0.0,0.0,0.5,0.48000968430928204,0.0
0.456,TAKEOFF,0.0,0.0,0.019990356620228272,0.0,0.0,0.5,0.4800096433797717,0.0
0.464,TAKEOFF,0.0,0.0,0.01999039754702031,0.0,0.0,0.5,0.4800096024529797,0.0
0.47200000000000003,TAKEOFF,0.0,0.0,0.019990438619218034,0.0,0.0,0.5,0.480009561380782,0.0
0.48,TAKEOFF,0.0,0.0,0.019990479955295723,0.0,0.0,0.5,0.48000952004470426,0.0
0.488,TAKEOFF,0.0,0.0,0.019990521650012905,0.0,0.0,0.5,0.4800094783499871,0.0
0.496,TAKEOFF,0.0,0.0,0.01999056377916128,0.0,0.0,0.5,0.4800094362208387,0.0
0.504,TAKEOFF,0.0,0.0,0.01999060640336148,0.0,0.0,0.5,0.4800093935966385,0.0
0.512,TAKEOFF,0.0,0.0,0.01999064957109983,0.0,0.0,0.5,0.4800093504289002,0.0
0.52,TAKEOFF,0.0,0.0,0.01999069332115724,0.0,0.0,0.5,0.4800093066788428,0.0
0.528,TAKEOFF,0.0,0.0,0.019990737684551927,0.0,0.0,0.5,0.48000926231544805,0.0
0.536,TAKEOFF,0.0,0.0,0.019990782686093257,0.0,0.0,0.5,0.4800092173139067,0.0
0.544,TAKEOFF,0.0,0.0,0.019990828345624552,0.0,0.0,0.5,0.48000917165437545,0.0
0.552,TAKEOFF,0.0,0.0,0.019990874679017136,0.0,0.0,0.5,0.4800091253209829,0.0
0.56,TAKEOFF,0.0,0.0,0.019990921698965405,0.0,0.0,0.5,0.4800090783010346,0.0
0.5680000000000001,TAKEOFF,0.0,0.0,0.019990969415622742,0.0,0.0,0.5,0.48000903058437727,0.0
0.5760000000000001,TAKEOFF,0.0,0.0,0.01999101783711015,0.0,0.0,0.5,0.48000898216288984,0.0
0.584,TAKEOFF,0.0,0.0,0.01999106696992306,0.0,0.0,0.5,0.48000893303007697,0.0
0.592,TAKEOFF,0.0,0.0,0.019991116819256735,0.0,0.0,0.5,0.48000888318074325,0.0
0.6,TAKEOFF,0.0,0.0,0.01999116738926651,0.0,0.0,0.5,0.4800088326107335,0.0
0.608,TAKEOFF,0.0,0.0,0.01999121868327595,0.0,0.0,0.5,0.48000878131672403,0.0
0.616,TAKEOFF,0.0,0.0,0.019991270703943357,0.0,0.0,0.5,0.48000872929605665,0.0
0.624,TAKEOFF,0.0,0.0,0.01999132345339492,0.0,0.0,0.5,0.48000867654660506,0.0
0.632,TAKEOFF,0.0,0.0,0.019991376933331237,0.0,0.0,0.5,0.48000862306666875,0.0
0.64,TAKEOFF,0.0,0.0,0.019991431145112495,0.0,0.0,0.5,0.4800085688548875,0.0
0.648,TAKEOFF,0.0,0.0,0.01999148608982662,0.0,0.0,0.5,0.4800085139101734,0.0
0.656,TAKEOFF,0.0,0.0,0.019991541768343772,0.0,0.0,0.5,0.4800084582316562,0.0
0.664,TAKEOFF,0.0,0.0,0.019991598181359923,0.0,0.0,0.5,0.4800084018186401,0.0
0.672,TAKEOFF,0.0,0.0,0.019991655329431746,0.0,0.0,0.5,0.48000834467056824,0.0
0.68,TAKEOFF,0.0,0.0,0.019991713213004476,0.0,0.0,0.5,0.48000828678699553,0.0
0.6880000000000001,TAKEOFF,0.0,0.0,0.019991771832434235,0.0,0.0,0.5,0.4800082281675658,0.0
0.6960000000000001,TAKEOFF,0.0,0.0,0.019991831188005852,0.0,0.0,0.5,0.48000816881199415,0.0
0.704,TAKEOFF,0.0,0.0,0.01999189127994715,0.0,0.0,0.5,0.48000810872005284,0.0
0.712,TAKEOFF,0.0,0.0,0.019991952108440344,0.0,0.0,0.5,0.48000804789155965,0.0
0.72,TAKEOFF,0.0,0.0,0.019992013673631178,0.0,0.0,0.5,0.4800079863263688,0.0
0.728,TAKEOFF,0.0,0.0,0.019992075975636223,0.0,0.0,0.5,0.48000792402436376,0.0
0.736,TAKEOFF,0.0,0.0,0.019992139014548712,0.0,0.0,0.5,0.4800078609854513,0.0
0.744,TAKEOFF,0.0,0.0,0.01999220279044322,0.0,0.0,0.5,0.4800077972095568,0.0
0.752,TAKEOFF,0.0,0.0,0.019992267303379392,0.0,0.0,0.5,0.4800077326966206,0.0
0.76,TAKEOFF,0.0,0.0,0.019992332553404938,0.0,0.0,0.5,0.48000766744659507,0.0
0.768,TAKEOFF,0.0,0.0,0.019992398540558013,0.0,0.0,0.5,0.480007601459442,0.0
0.776,TAKEOFF,0.0,0.0,0.019992465264869138,0.0,0.0,0.5,0.48000753473513086,0.0
0.784,TAKEOFF,0.0,0.0,0.019992532726362724,0.0,0.0,0.5,0.4800074672736373,0.0
0.792,TAKEOFF,0.0,0.0,0.019992600925058293,0.0,0.0,0.5,0.4800073990749417,0.0
0.8,TAKEOFF,0.0,0.0,0.019992669860971462,0.0,0.0,0.5,0.4800073301390285,0.0
0.808,TAKEOFF,0.0,0.0,0.019992739534114724,0.0,0.0,0.5,0.48000726046588527,0.0
0.8160000000000001,TAKEOFF,0.0,0.0,0.019992809944498067,0.0,0.0,0.5,0.4800071900555019,0.0
0.8240000000000001,TAKEOFF,0.0,0.0,0.01999288109212948,0.0,0.0,0.5,0.4800071189078705,0.0
0.8320000000000001,TAKEOFF,0.0,0.0,0.01999295297701536,0.0,0.0,0.5,0.48000704702298463,0.0
0.84,TAKEOFF,0.0,0.0,0.01999302559916081,0.0,0.0,0.5,0.48000697440083917,0.0
0.848,TAKEOFF,0.0,0.0,0.019993098958569922,0.0,0.0,0.5,0.48000690104143007,0.0
0.856,TAKEOFF,0.0,0.0,0.01999317305524597,0.0,0.0,0.5,0.48000682694475405,0.0
0.864,TAKEOFF,0.0,0.0,0.019993247889191566,0.0,0.0,0.5,0.48000675211080845,0.0
0.872,TAKEOFF,0.0,0.0,0.0199933234604088,0.0,0.0,0.5,0.48000667653959117,0.0
0.88,TAKEOFF,0.0,0.0,0.019993399768899352,0.0,0.0,0.5,0.48000660023110064,0.0
0.888,TAKEOFF,0.0,0.0,0.019993476814664554,0.0,0.0,0.5,0.48000652318533543,0.0
0.896,TAKEOFF,0.0,0.0,0.01999355459770548,0.0,0.0,0.5,0.48000644540229453,0.0
0.904,TAKEOFF,0.0,0.0,0.019993633118022984,0.0,0.0,0.5,0.480006366881977,0.0
0.912,TAKEOFF,0.0,0.0,0.019993712375617752,0.0,0.0,0.5,0.48000628762438224,0.0
0.92,TAKEOFF,0.0,0.0,0.019993792370490333,0.0,0.0,0.5,0.4800062076295097,0.0
0.928,TAKEOFF,0.0,0.0,0.019993873102641162,0.0,0.0,0.5,0.48000612689735883,0.0
0.936,TAKEOFF,0.0,0.0,0.01999395457207059,0.0,0.0,0.5,0.4800060454279294,0.0
0.9440000000000001,TAKEOFF,0.0,0.0,0.0199940367787789,0.0,0.0,0.5,0.4800059632212211,0.0
0.9520000000000001,TAKEOFF,0.0,0.0,0.019994119722766313,0.0,0.0,0.5,0.4800058802772337,0.0
0.96,TAKEOFF,0.0,0.0,0.01999420340403301,0.0,0.0,0.5,0.480005796595967,0.0
0.968,TAKEOFF,0.0,0.0,0.019994287822579136,0.0,0.0,0.5,0.4800057121774209,0.0
0.976,TAKEOFF,0.0,0.0,0.0199943729784048,0.0,0.0,0.5,0.4800056270215952,0.0
0.984,TAKEOFF,0.0,0.0,0.0199944588715101,0.0,0.0,0.5,0.4800055411284899,0.0
0.992,TAKEOFF,0.0,0.0,0.019994545501895104,0.0,0.0,0.5,0.4800054544981049,0.0
1.0,TAKEOFF,0.0,0.0,0.019994632869559877,0.0,0.0,0.5,0.4800053671304401,0.0
1.008,TAKEOFF,0.0,0.0,0.01999472097450446,0.0,0.0,0.5,0.48000527902549556,0.0
1.016,TAKEOFF,0.0,0.0,0.019994809816728895,0.0,0.0,0.5,0.4800051901832711,0.0
1.024,TAKEOFF,0.0,0.0,0.01999489939623321,0.0,0.0,0.5,0.4800051006037668,0.0
1.032,TAKEOFF,0.0,0.0,0.019994989713017428,0.0,0.0,0.5,0.48000501028698256,0.0
1.04,TAKEOFF,0.0,0.0,0.01999508076708157,0.0,0.0,0.5,0.48000491923291844,0.0
1.048,TAKEOFF,0.0,0.0,0.01999517255842565,0.0,0.0,0.5,0.48000482744157436,0.0
1.056,TAKEOFF,0.0,0.0,0.01999526508704968,0.0,0.0,0.5,0.4800047349129503,0.0
1.064,TAKEOFF,0.0,0.0,0.01999535835295367,0.0,0.0,0.5,0.4800046416470463,0.0
1.072,TAKEOFF,0.0,0.0,0.01999545235613763,0.0,0.0,0.5,0.48000454764386236,0.0
1.08,TAKEOFF,0.0,0.0,0.019995547096601566,0.0,0.0,0.5,0.48000445290339844,0.0
1.088,TAKEOFF,0.0,0.0,0.019995642574345482,0.0,0.0,0.5,0.4800043574256545,0.0
1.096,TAKEOFF,0.0,0.0,0.01999573878936938,0.0,0.0,0.5,0.4800042612106306,0.0
1.104,TAKEOFF,0.0,0.0,0.019995835741673268,0.0,0.0,0.5,0.4800041642583267,0.0
1.112,TAKEOFF,0.0,0.0,0.01999593343125714,0.0,0.0,0.5,0.48000406656874284,0.0
1.12,TAKEOFF,0.0,0.0,0.01999603185812101,0.0,0.0,0.5,0.480003968141879,0.0
1.1280000000000001,TAKEOFF,0.0,0.0,0.01999613102226487,0.0,0.0,0.5,0.4800038689777351,0.0
1.1360000000000001,TAKEOFF,0.0,0.0,0.019996230923688726,0.0,0.0,0.5,0.48000376907631126,0.0
1.1440000000000001,TAKEOFF,0.0,0.0,0.019996331562392576,0.0,0.0,0.5,0.48000366843760744,0.0
1.1520000000000001,TAKEOFF,0.0,0.0,0.019996432938376423,0.0,0.0,0.5,0.48000356706162356,0.0
1.16,TAKEOFF,0.0,0.0,0.019996535051640268,0.0,0.0,0.5,0.4800034649483597,0.0
1.168,TAKEOFF,0.0,0.0,0.01999663790218411,0.0,0.0,0.5,0.4800033620978159,0.0
1.176,TAKEOFF,0.0,0.0,0.019996741490007953,0.0,0.0,0.5,0.48000325850999204,0.0
1.184,TAKEOFF,0.0,0.0,0.019996845815111793,0.0,0.0,0.5,0.4800031541848882,0.0
1.192,TAKEOFF,0.0,0.0,0.01999695087749563,0.0,0.0,0.5,0.48000304912250435,0.0
1.2,TAKEOFF,0.0,0.0,0.01999705667715947,0.0,0.0,0.5,0.48000294332284055,0.0
1.208,TAKEOFF,0.0,0.0,0.019997163214103306,0.0,0.0,0.5,0.48000283678589667,0.0
1.216,TAKEOFF,0.0,0.0,0.019997270488327144,0.0,0.0,0.5,0.48000272951167283,0.0
1.224,TAKEOFF,0.0,0.0,0.019997378499830982,0.0,0.0,0.5,0.48000262150016904,0.0
1.232,TAKEOFF,0.0,0.0,0.019997487248614818,0.0,0.0,0.5,0.48000251275138517,0.0
1.24,TAKEOFF,0.0,0.0,0.019997596734678654,0.0,0.0,0.5,0.48000240326532134,0.0
1.248,TAKEOFF,0.0,0.0,0.019997706958022488,0.0,0.0,0.5,0.4800022930419775,0.0
1.256,TAKEOFF,0.0,0.0,0.019997817918646323,0.0,0.0,0.5,0.4800021820813537,0.0
1.264,TAKEOFF,0.0,0.0,0.01999792961655016,0.0,0.0,0.5,0.48000207038344983,0.0
1.272,TAKEOFF,0.0,0.0,0.019998042051733993,0.0,0.0,0.5,0.480001957948266,0.0
1.28,TAKEOFF,0.0,0.0,0.019998155224197827,0.0,0.0,0.5,0.48000184477580216,0.0
1.288,TAKEOFF,0.0,0.0,0.019998269133941662,0.0,0.0,0.5,0.48000173086605835,0.0
1.296,TAKEOFF,0.0,0.0,0.0199983837809655,0.0,0.0,0.5,0.4800016162190345,0.0
1.304,TAKEOFF,0.0,0.0,0.019998499165269332,0.0,0.0,0.5,0.48000150083473064,0.0
1.312,TAKEOFF,0.0,0.0,0.019998615286853167,0.0,0.0,0.5,0.48000138471314685,0.0
1.32,TAKEOFF,0.0,0.0,0.019998732145717003,0.0,0.0,0.5,0.480001267854283,0.0
1.328,TAKEOFF,0.0,0.0,0.019998849741860836,0.0,0.0,0.5,0.48000115025813916,0.0
1.336,TAKEOFF,0.0,0.0,0.01999896807528467,0.0,0.0,0.5,0.4800010319247153,0.0
1.344,TAKEOFF,0.0,0.0,0.019999087145988505,0.0,0.0,0.5,0.4800009128540115,0.0
1.352,TAKEOFF,0.0,0.0,0.01999920695397234,0.0,0.0,0.5,0.48000079304602766,0.0
1.36,TAKEOFF,0.0,0.0,0.019999327499236174,0.0,0.0,0.5,0.48000067250076384,0.0
1.368,TAKEOFF,0.0,0.0,0.01999944878178001,0.0,0.0,0.5,0.48000055121822,0.0
1.3760000000000001,TAKEOFF,0.0,0.0,0.020003060040073965,0.0,0.0,0.5,0.47999693995992604,0.0
1.3840000000000001,TAKEOFF,0.0,0.0,0.020017605998236168,0.0,0.0,0.5,0.47998239400176385,0.0
1.3920000000000001,TAKEOFF,0.0,0.0,0.020050565398072182,0.0,0.0,0.5,0.4799494346019278,0.0
1.4000000000000001,TAKEOFF,0.0,0.0,0.020109450954875617,0.0,0.0,0.5,0.4798905490451244,0.0
1.408,TAKEOFF,0.0,0.0,0.02020180931328614,0.0,0.0,0.5,0.47979819068671387,0.0
1.416,TAKEOFF,0.0,0.0,0.020335221003204864,0.0,0.0,0.5,0.47966477899679516,0.0
1.424,TAKEOFF,0.0,0.0,0.020517300395766987,0.0,0.0,0.5,0.479482699604233,0.0
1.432,TAKEOFF,0.0,0.0,0.02075569565937167,0.0,0.0,0.5,0.4792443043406283,0.0
1.44,TAKEOFF,0.0,0.0,0.021058088715769016,0.0,0.0,0.5,0.47894191128423097,0.0
1.448,TAKEOFF,0.0,0.0,0.021432195196204127,0.0,0.0,0.5,0.47856780480379585,0.0
1.456,TAKEOFF,0.0,0.0,0.02188576439761813,0.0,0.0,0.5,0.47811423560238187,0.0
1.464,TAKEOFF,0.0,0.0,0.022426579238906123,0.0,0.0,0.5,0.4775734207610939,0.0
1.472,TAKEOFF,0.0,0.0,0.02306245621723193,0.0,0.0,0.5,0.4769375437827681,0.0
1.48,TAKEOFF,0.0,0.0,0.02380124536439965,0.0,0.0,0.5,0.47619875463560035,0.0
1.488,TAKEOFF,0.0,0.0,0.024650830203281883,0.0,0.0,0.5,0.4753491697967181,0.0
1.496,TAKEOFF,0.0,0.0,0.025619127704304544,0.0,0.0,0.5,0.4743808722956955,0.0
1.504,TAKEOFF,0.0,0.0,0.026705864662111025,0.0,0.0,0.5,0.473294135337889,0.0
1.512,TAKEOFF,0.0,0.0,0.02790712527415387,0.0,0.0,0.5,0.47209287472584616,0.0
1.52,TAKEOFF,0.0,0.0,0.02921908452181756,0.0,0.0,0.5,0.47078091547818246,0.0
1.528,TAKEOFF,0.0,0.0,0.030638006087948984,0.0,0.0,0.5,0.469361993912051,0.0
1.536,TAKEOFF,0.0,0.0,0.03216024033407589,0.0,0.0,0.5,0.4678397596659241,0.0
1.544,TAKEOFF,0.0,0.0,0.03378222233508027,0.0,0.0,0.5,0.46621777766491973,0.0
1.552,TAKEOFF,0.0,0.0,0.03550046996919374,0.0,0.0,0.5,0.46449953003080624,0.0
1.56,TAKEOFF,0.0,0.0,0.037311582061277104,0.0,0.0,0.5,0.4626884179387229,0.0
1.568,TAKEOFF,0.0,0.0,0.03921223657743638,0.0,0.0,0.5,0.4607877634225636,0.0
1.576,TAKEOFF,0.0,0.0,0.041199188869113126,0.0,0.0,0.5,0.4588008111308869,0.0
1.584,TAKEOFF,0.0,0.0,0.043269269964868344,0.0,0.0,0.5,0.45673073003513165,0.0
1.592,TAKEOFF,0.0,0.0,0.04541938490815633,0.0,0.0,0.5,0.45458061509184366,0.0
1.6,TAKEOFF,0.0,0.0,0.04764651113945821,0.0,0.0,0.5,0.4523534888605418,0.0
1.608,TAKEOFF,0.0,0.0,0.04994769692121483,0.0,0.0,0.5,0.4500523030787852,0.0
1.616,TAKEOFF,0.0,0.0,0.05232005980406478,0.0,0.0,0.5,0.4476799401959352,0.0
1.624,TAKEOFF,0.0,0.0,0.05476078513295667,0.0,0.0,0.5,0.4452392148670433,0.0
1.6320000000000001,TAKEOFF,0.0,0.0,0.05726712459176475,0.0,0.0,0.5,0.44273287540823525,0.0
1.6400000000000001,TAKEOFF,0.0,0.0,0.0598363947850941,0.0,0.0,0.5,0.4401636052149059,0.0
1.6480000000000001,TAKEOFF,0.0,0.0,0.06246597585601618,0.0,0.0,0.5,0.4375340241439838,0.0
1.6560000000000001,TAKEOFF,0.0,0.0,0.06515331013852736,0.0,0.0,0.5,0.4348466898614726,0.0
1.6640000000000001,TAKEOFF,0.0,0.0,0.06789590084357244,0.0,0.0,0.5,0.43210409915642756,0.0
1.672,TAKEOFF,0.0,0.0,0.07069131077752246,0.0,0.0,0.5,0.42930868922247756,0.0
1.68,TAKEOFF,0.0,0.0,0.0735371610920407,0.0,0.0,0.5,0.42646283890795933,0.0
1.688,TAKEOFF,0.0,0.0,0.07643113006431418,0.0,0.0,0.5,0.4235688699356858,0.0
1.696,TAKEOFF,0.0,0.0,0.07937095190666817,0.0,0.0,0.5,0.42062904809333185,0.0
1.704,TAKEOFF,0.0,0.0,0.0823544156046209,0.0,0.0,0.5,0.41764558439537913,0.0
1.712,TAKEOFF,0.0,0.0,0.08537936378247254,0.0,0.0,0.5,0.4146206362175274,0.0
1.72,TAKEOFF,0.0,0.0,0.08844369159555822,0.0,0.0,0.5,0.4115563084044418,0.0
1.728,TAKEOFF,0.0,0.0,0.09154534564832877,0.0,0.0,0.5,0.4084546543516712,0.0
1.736,TAKEOFF,0.0,0.0,0.09468232293745557,0.0,0.0,0.5,0.4053176770625444,0.0
1.744,TAKEOFF,0.0,0.0,0.09785266981918674,0.0,0.0,0.5,0.4021473301808133,0.0
1.752,TAKEOFF,0.0,0.0,0.10105448100021153,0.0,0.0,0.5,0.3989455189997885,0.0
1.76,TAKEOFF,0.0,0.0,0.10428589855131844,0.0,0.0,0.5,0.3957141014486816,0.0
1.768,TAKEOFF,0.0,0.0,0.1075451109431595,0.0,0.0,0.5,0.3924548890568405,0.0
1.776,TAKEOFF,0.0,0.0,0.11083035210345914,0.0,0.0,0.5,0.38916964789654085,0.0
1.784,TAKEOFF,0.0,0.0,0.1141399004950312,0.0,0.0,0.5,0.3858600995049688,0.0
1.792,TAKEOFF,0.0,0.0,0.11747207821399105,0.0,0.0,0.5,0.3825279217860089,0.0
1.8,TAKEOFF,0.0,0.0,0.12082525010757296,0.0,0.0,0.5,0.37917474989242705,0.0
1.808,TAKEOFF,0.0,0.0,0.1241978229109843,0.0,0.0,0.5,0.3758021770890157,0.0
1.816,TAKEOFF,0.0,0.0,0.12758824440274957,0.0,0.0,0.5,0.3724117555972504,0.0
1.824,TAKEOFF,0.0,0.0,0.13099500257801683,0.0,0.0,0.5,0.36900499742198317,0.0
1.832,TAKEOFF,0.0,0.0,0.13441662483931852,0.0,0.0,0.5,0.3655833751606815,0.0
1.84,TAKEOFF,0.0,0.0,0.13785167720429709,0.0,0.0,0.5,0.3621483227957029,0.0
1.848,TAKEOFF,0.0,0.0,0.14129876352992363,0.0,0.0,0.5,0.35870123647007635,0.0
1.856,TAKEOFF,0.0,0.0,0.14475652475275413,0.0,0.0,0.5,0.35524347524724587,0.0
1.864,TAKEOFF,0.0,0.0,0.14822363814478504,0.0,0.0,0.5,0.351776361855215,0.0
1.872,TAKEOFF,0.0,0.0,0.1516988165844847,0.0,0.0,0.5,0.3483011834155153,0.0
1.8800000000000001,TAKEOFF,0.0,0.0,0.15518080784259247,0.0,0.0,0.5,0.34481919215740753,0.0
1.8880000000000001,TAKEOFF,0.0,0.0,0.15866839388229179,0.0,0.0,0.5,0.3413316061177082,0.0
1.8960000000000001,TAKEOFF,0.0,0.0,0.16216039017337697,0.0,0.0,0.5,0.33783960982662303,0.0
1.9040000000000001,TAKEOFF,0.0,0.0,0.16565564502004723,0.0,0.0,0.5,0.33434435497995274,0.0
1.9120000000000001,TAKEOFF,0.0,0.0,0.1691530389019734,0.0,0.0,0.5,0.3308469610980266,0.0
1.92,TAKEOFF,0.0,0.0,0.17265148382829584,0.0,0.0,0.5,0.32734851617170413,0.0
1.928,TAKEOFF,0.0,0.0,0.17614992270422328,0.0,0.0,0.5,0.32385007729577675,0.0
1.936,TAKEOFF,0.0,0.0,0.1796473287099135,0.0,0.0,0.5,0.3203526712900865,0.0
1.944,TAKEOFF,0.0,0.0,0.1831427046913284,0.0,0.0,0.5,0.31685729530867157,0.0
1.952,TAKEOFF,0.0,0.0,0.18663508256276498,0.0,0.0,0.5,0.31336491743723505,0.0
1.96,TAKEOFF,0.0,0.0,0.19012352272077562,0.0,0.0,0.5,0.3098764772792244,0.0
1.968,TAKEOFF,0.0,0.0,0.19360711346919904,0.0,0.0,0.5,0.306392886530801,0.0
1.976,TAKEOFF,0.0,0.0,0.19708497045503326,0.0,0.0,0.5,0.30291502954496674,0.0
1.984,TAKEOFF,0.0,0.0,0.20055623611489126,0.0,0.0,0.5,0.29944376388510874,0.0
1.992,TAKEOFF,0.0,0.0,0.20402007913178757,0.0,0.0,0.5,0.29597992086821245,0.0
2.0,TAKEOFF,0.0,0.0,0.20747569390201312,0.0,0.0,0.5,0.29252430609798685,0.0
2.008,TAKEOFF,0.0,0.0,0.2109223000118632,0.0,0.0,0.5,0.2890776999881368,0.0
2.016,TAKEOFF,0.0,0.0,0.21435914172399126,0.0,0.0,0.5,0.2856408582760087,0.0
2.024,TAKEOFF,0.0,0.0,0.2177854874731682,0.0,0.0,0.5,0.28221451252683183,0.0
2.032,TAKEOFF,0.0,0.0,0.22120062937123453,0.0,0.0,0.5,0.2787993706287655,0.0
2.04,TAKEOFF,0.0,0.0,0.22460388272103876,0.0,0.0,0.5,0.27539611727896124,0.0
2.048,TAKEOFF,0.0,0.0,0.22799458553916294,0.0,0.0,0.5,0.27200541446083704,0.0
2.056,TAKEOFF,0.0,0.0,0.23137209808724138,0.0,0.0,0.5,0.26862790191275865,0.0
2.064,TAKEOFF,0.0,0.0,0.23473580241168596,0.0,0.0,0.5,0.26526419758831404,0.0
2.072,TAKEOFF,0.0,0.0,0.23808510189163595,0.0,0.0,0.5,0.26191489810836405,0.0
2.08,TAKEOFF,0.0,0.0,0.24141942079495726,0.0,0.0,0.5,0.25858057920504274,0.0
2.088,TAKEOFF,0.0,0.0,0.2447382038421201,0.0,0.0,0.5,0.2552617961578799,0.0
2.096,TAKEOFF,0.0,0.0,0.2480409157777905,0.0,0.0,0.5,0.2519590842222095,0.0
2.104,TAKEOFF,0.0,0.0,0.2513270409499752,0.0,0.0,0.5,0.2486729590500248,0.0
2.112,TAKEOFF,0.0,0.0,0.254596082896565,0.0,0.0,0.5,0.245403917103435,0.0
2.12,TAKEOFF,0.0,0.0,0.25784756393912545,0.0,0.0,0.5,0.24215243606087455,0.0
2.128,TAKEOFF,0.0,0.0,0.2610810247837898,0.0,0.0,0.5,0.2389189752162102,0.0
2.136,TAKEOFF,0.0,0.0,0.2642960241291114,0.0,0.0,0.5,0.2357039758708886,0.0
2.144,TAKEOFF,0.0,0.0,0.26749213828073864,0.0,0.0,0.5,0.23250786171926136,0.0
2.152,TAKEOFF,0.0,0.0,0.2706689607727788,0.0,0.0,0.5,0.2293310392272212,0.0
2.16,TAKEOFF,0.0,0.0,0.2738261019957211,0.0,0.0,0.5,0.2261738980042789,0.0
2.168,TAKEOFF,0.0,0.0,0.27696318883079313,0.0,0.0,0.5,0.22303681116920687,0.0
2.176,TAKEOFF,0.0,0.0,0.28007986429062826,0.0,0.0,0.5,0.21992013570937174,0.0
2.184,TAKEOFF,0.0,0.0,0.2831757871661254,0.0,0.0,0.5,0.2168242128338746,0.0
2.192,TAKEOFF,0.0,0.0,0.28625063167938536,0.0,0.0,0.5,0.21374936832061464,0.0
2.2,TAKEOFF,0.0,0.0,0.28930408714261185,0.0,0.0,0.5,0.21069591285738815,0.0
2.208,TAKEOFF,0.0,0.0,0.29233585762286796,0.0,0.0,0.5,0.20766414237713204,0.0
2.216,TAKEOFF,0.0,0.0,0.29534566161258163,0.0,0.0,0.5,0.20465433838741837,0.0
2.224,TAKEOFF,0.0,0.0,0.29833323170569753,0.0,0.0,0.5,0.20166676829430247,0.0
2.232,TAKEOFF,0.0,0.0,0.30129831427937415,0.0,0.0,0.5,0.19870168572062585,0.0
2.24,TAKEOFF,0.0,0.0,0.3042406691811291,0.0,0.0,0.5,0.19575933081887092,0.0
2.248,TAKEOFF,0.0,0.0,0.30716006942133667,0.0,0.0,0.5,0.19283993057866333,0.0
2.2560000000000002,TAKEOFF,0.0,0.0,0.31005630087098585,0.0,0.0,0.5,0.18994369912901415,0.0
2.2640000000000002,TAKEOFF,0.0,0.0,0.31292916196460746,0.0,0.0,0.5,0.18707083803539254,0.0
2.2720000000000002,TAKEOFF,0.0,0.0,0.31577846340828364,0.0,0.0,0.5,0.18422153659171636,0.0
2.2800000000000002,TAKEOFF,0.0,0.0,0.31860402789265313,0.0,0.0,0.5,0.18139597210734687,0.0
2.2880000000000003,TAKEOFF,0.0,0.0,0.32140568981082906,0.0,0.0,0.5,0.17859431018917094,0.0
2.2960000000000003,TAKEOFF,0.0,0.0,0.324183294981148,0.0,0.0,0.5,0.175816705018852,0.0
2.3040000000000003,TAKEOFF,0.0,0.0,0.3269367003746704,0.0,0.0,0.5,0.17306329962532963,0.0
2.312,TAKEOFF,0.0,0.0,0.3296657738473552,0.0,0.0,0.5,0.17033422615264482,0.0
2.32,TAKEOFF,0.0,0.0,0.33237039387683315,0.0,0.0,0.5,0.16762960612316685,0.0
2.328,TAKEOFF,0.0,0.0,0.3350504493037042,0.0,0.0,0.5,0.1649495506962958,0.0
2.336,TAKEOFF,0.0,0.0,0.3377058390772878,0.0,0.0,0.5,0.1622941609227122,0.0
2.344,TAKEOFF,0.0,0.0,0.34033647200575506,0.0,0.0,0.5,0.15966352799424494,0.0
2.352,TAKEOFF,0.0,0.0,0.34294226651057413,0.0,0.0,0.5,0.15705773348942587,0.0
2.36,TAKEOFF,0.0,0.0,0.3455231503852016,0.0,0.0,0.5,0.1544768496147984,0.0
2.368,TAKEOFF,0.0,0.0,0.34807906055795385,0.0,0.0,0.5,0.15192093944204615,0.0
2.376,TAKEOFF,0.0,0.0,0.35060994285899444,0.0,0.0,0.5,0.14939005714100556,0.0
2.384,TAKEOFF,0.0,0.0,0.3531157517913746,0.0,0.0,0.5,0.1468842482086254,0.0
2.392,TAKEOFF,0.0,0.0,0.3555964503060646,0.0,0.0,0.5,0.14440354969393537,0.0
2.4,TAKEOFF,0.0,0.0,0.3580520095809167,0.0,0.0,0.5,0.1419479904190833,0.0
2.408,TAKEOFF,0.0,0.0,0.36048240880349985,0.0,0.0,0.5,0.13951759119650015,0.0
2.416,TAKEOFF,0.0,0.0,0.36288763495774906,0.0,0.0,0.5,0.13711236504225094,0.0
2.424,TAKEOFF,0.0,0.0,0.365267682614372,0.0,0.0,0.5,0.13473231738562802,0.0
2.432,TAKEOFF,0.0,0.0,0.367622553724958,0.0,0.0,0.5,0.132377446275042,0.0
2.44,TAKEOFF,0.0,0.0,0.36995225741973503,0.0,0.0,0.5,0.13004774258026497,0.0
2.448,TAKEOFF,0.0,0.0,0.3722568098089205,0.0,0.0,0.5,0.1277431901910795,0.0
2.456,TAKEOFF,0.0,0.0,0.3745362337876147,0.0,0.0,0.5,0.1254637662123853,0.0
2.464,TAKEOFF,0.0,0.0,0.3767905588441847,0.0,0.0,0.5,0.12320944115581528,0.0
2.472,TAKEOFF,0.0,0.0,0.3790198208720886,0.0,0.0,0.5,0.12098017912791142,0.0
2.48,TAKEOFF,0.0,0.0,0.3812240619850904,0.0,0.0,0.5,0.1187759380149096,0.0
2.488,TAKEOFF,0.0,0.0,0.3834033303358176,0.0,0.0,0.5,0.11659666966418242,0.0
2.496,TAKEOFF,0.0,0.0,0.3855576799376125,0.0,0.0,0.5,0.11444232006238753,0.0
2.504,TAKEOFF,0.0,0.0,0.3876871704896317,0.0,0.0,0.5,0.1123128295103683,0.0
2.512,TAKEOFF,0.0,0.0,0.3897918672051467,0.0,0.0,0.5,0.11020813279485331,0.0
2.52,TAKEOFF,0.0,0.0,0.3918718406430005,0.0,0.0,0.5,0.10812815935699949,0.0
2.528,TAKEOFF,0.0,0.0,0.39392716654217586,0.0,0.0,0.5,0.10607283345782414,0.0
2.536,TAKEOFF,0.0,0.0,0.39595792565943083,0.0,0.0,0.5,0.10404207434056917,0.0
2.544,TAKEOFF,0.0,0.0,0.397964203609959,0.0,0.0,0.5,0.10203579639004101,0.0
2.552,TAKEOFF,0.0,0.0,0.39994609071103127,0.0,0.0,0.5,0.10005390928896873,0.0
2.56,TAKEOFF,0.0,0.0,0.40190368182857805,0.0,0.0,0.5,0.09809631817142195,0.0
2.568,TAKEOFF,0.0,0.0,0.40383707622666987,0.0,0.0,0.5,0.09616292377333013,0.0
2.576,TAKEOFF,0.0,0.0,0.40574637741985653,0.0,0.0,0.5,0.09425362258014347,0.0
2.584,TAKEOFF,0.0,0.0,0.40763169302832436,0.0,0.0,0.5,0.09236830697167564,0.0
2.592,TAKEOFF,0.0,0.0,0.4094931346358322,0.0,0.0,0.5,0.0905068653641678,0.0
2.6,TAKEOFF,0.0,0.0,0.4113308176503873,0.0,0.0,0.5,0.08866918234961269,0.0
2.608,TAKEOFF,0.0,0.0,0.4131448611676232,0.0,0.0,0.5,0.08685513883237678,0.0
2.616,TAKEOFF,0.0,0.0,0.41493538783684103,0.0,0.0,0.5,0.08506461216315897,0.0
2.624,TAKEOFF,0.0,0.0,0.41670252372967737,0.0,0.0,0.5,0.08329747627032263,0.0
2.632,TAKEOFF,0.0,0.0,0.41844639821136237,0.0,0.0,0.5,0.08155360178863763,0.0
2.64,TAKEOFF,0.0,0.0,0.42016714381453096,0.0,0.0,0.5,0.07983285618546904,0.0
2.648,TAKEOFF,0.0,0.0,0.4218648961155518,0.0,0.0,0.5,0.07813510388444822,0.0
2.656,TAKEOFF,0.0,0.0,0.4235397936133385,0.0,0.0,0.5,0.07646020638666151,0.0
2.664,TAKEOFF,0.0,0.0,0.4251919776106088,0.0,0.0,0.5,0.07480802238939122,0.0
2.672,TAKEOFF,0.0,0.0,0.4268215920975557,0.0,0.0,0.5,0.07317840790244429,0.0
2.68,TAKEOFF,0.0,0.0,0.42842878363789855,0.0,0.0,0.5,0.07157121636210145,0.0
2.688,TAKEOFF,0.0,0.0,0.4300137012572784,0.0,0.0,0.5,0.06998629874272161,0.0
2.696,TAKEOFF,0.0,0.0,0.43157649633396616,0.0,0.0,0.5,0.06842350366603384,0.0
2.704,TAKEOFF,0.0,0.0,0.43311732249184953,0.0,0.0,0.5,0.06688267750815047,0.0
2.712,TAKEOFF,0.0,0.0,0.4346363354956666,0.0,0.0,0.5,0.0653636645043334,0.0
2.72,TAKEOFF,0.0,0.0,0.4361336931484542,0.0,0.0,0.5,0.06386630685154582,0.0
2.728,TAKEOFF,0.0,0.0,0.4376095551911791,0.0,0.0,0.5,0.06239044480882089,0.0
2.736,TAKEOFF,0.0,0.0,0.4390640832045209,0.0,0.0,0.5,0.060935916795479106,0.0
2.744,TAKEOFF,0.0,0.0,0.4404974405127751,0.0,0.0,0.5,0.05950255948722488,0.0
2.7520000000000002,TAKEOFF,0.0,0.0,0.44190979208984654,0.0,0.0,0.5,0.05809020791015346,0.0
2.7600000000000002,TAKEOFF,0.0,0.0,0.4433013044673018,0.0,0.0,0.5,0.056698695532698185,0.0
2.7680000000000002,TAKEOFF,0.0,0.0,0.44467214564445184,0.0,0.0,0.5,0.055327854355548156,0.0
2.7760000000000002,TAKEOFF,0.0,0.0,0.4460224850004339,0.0,0.0,0.5,0.0539775149995661,0.0
2.7840000000000003,TAKEOFF,0.0,0.0,0.4473524932082642,0.0,0.0,0.5,0.0526475067917358,0.0
2.7920000000000003,TAKEOFF,0.0,0.0,0.44866234215083234,0.0,0.0,0.5,0.05133765784916766,0.0
2.8000000000000003,TAKEOFF,0.0,0.0,0.449952204838808,0.0,0.0,0.5,0.05004779516119201,0.0
2.8080000000000003,TAKEOFF,0.0,0.0,0.4512222553304323,0.0,0.0,0.5,0.04877774466956769,0.0
2.816,TAKEOFF,0.0,0.0,0.4524726686531654,0.0,0.0,0.5,0.04752733134683462,0.0
2.824,TAKEOFF,0.0,0.0,0.4537036207271621,0.0,0.0,0.5,0.04629637927283792,0.0
2.832,TAKEOFF,0.0,0.0,0.45491528829054884,0.0,0.0,0.5,0.045084711709451164,0.0
2.84,TAKEOFF,0.0,0.0,0.4561078488264736,0.0,0.0,0.5,0.043892151173526406,0.0
2.848,TAKEOFF,0.0,0.0,0.45728148049190287,0.0,0.0,0.5,0.04271851950809713,0.0
2.856,TAKEOFF,0.0,0.0,0.45843636204813815,0.0,0.0,0.5,0.041563637951861854,0.0
2.864,TAKEOFF,0.0,0.0,0.45957267279302616,0.0,0.0,0.5,0.04042732720697384,0.0
2.872,TAKEOFF,0.0,0.0,0.46069059249483607,0.0,0.0,0.5,0.03930940750516393,0.0
2.88,TAKEOFF,0.0,0.0,0.46179030132777826,0.0,0.0,0.5,0.03820969867222174,0.0
2.888,TAKEOFF,0.0,0.0,0.46287197980913874,0.0,0.0,0.5,0.037128020190861255,0.0
2.896,TAKEOFF,0.0,0.0,0.46393580873800394,0.0,0.0,0.5,0.03606419126199606,0.0
2.904,TAKEOFF,0.0,0.0,0.4649819691355508,0.0,0.0,0.5,0.03501803086444921,0.0
2.912,TAKEOFF,0.0,0.0,0.46601064218687716,0.0,0.0,0.5,0.033989357813122845,0.0
2.92,TAKEOFF,0.0,0.0,0.4670220091843481,0.0,0.0,0.5,0.03297799081565189,0.0
2.928,TAKEOFF,0.0,0.0,0.4680162514724337,0.0,0.0,0.5,0.0319837485275663,0.0
2.936,TAKEOFF,0.0,0.0,0.46899355039401386,0.0,0.0,0.5,0.03100644960598614,0.0
2.944,TAKEOFF,0.0,0.0,0.469954087238127,0.0,0.0,0.5,0.030045912761873017,0.0
2.952,TAKEOFF,0.0,0.0,0.47089804318913847,0.0,0.0,0.5,0.02910195681086153,0.0
2.96,TAKEOFF,0.0,0.0,0.47182559927730544,0.0,0.0,0.5,0.02817440072269456,0.0
2.968,TAKEOFF,0.0,0.0,0.4727369363307153,0.0,0.0,0.5,0.027263063669284715,0.0
2.976,TAKEOFF,0.0,0.0,0.4736322349285742,0.0,0.0,0.5,0.026367765071425797,0.0
2.984,TAKEOFF,0.0,0.0,0.4745116753558241,0.0,0.0,0.5,0.025488324644175886,0.0
2.992,CIRCLE,0.0,0.0,0.47537543755906464,0.0,0.0,0.5,0.02462456244093536,0.0
3.0,CIRCLE,0.0,0.0,0.47622370110375856,0.002513263539409461,6.316533517125578e-06,0.5,0.02390876246735771,0.0
3.008,CIRCLE,0.0,0.0,0.47705650797274857,0.005026463578365355,2.5265974474109054e-05,0.5,0.023487652093784294,0.0
3.016,CIRCLE,8.7072678302835e-07,0.0,0.4778742059774948,0.007539536618018588,5.6847844091822974e-05,0.5,0.023374889865481353,-1.9069259122402083e-06
3.024,CIRCLE,4.476495147096838e-06,7.956812722576944e-08,0.4786769487048717,0.010052419162728815,0.00010106134441850712,0.5,0.023572099306273603,-3.2252083186924553e-06
3.032,CIRCLE,1.3275594073297346e-05,3.9696404937434473e-07,0.47946488793477576,0.012565047721668766,0.00015790535835003006,0.5,0.02406787526909419,-5.616049943348742e-06
3.04,CIRCLE,2.987277458084616e-05,1.1574164531998701e-06,0.48023817337686975,0.015077358810428402,0.00022737844965775578,0.5,0.02483964177353512,-9.174470730835807e-06
3.048,CIRCLE,5.672595713134618e-05,2.5814381333993537e-06,0.4809969476626838,0.017589288952618937,0.00030947886302540306,0.5,0.02585731906743088,-1.3734722389465452e-05
3.056,CIRCLE,9.602741336102855e-05,4.885172641457868e-06,0.4817413478493932,0.020100774681476623,0.0004042045240927883,0.5,0.0270874093918647,-1.8827766031707763e-05
3.064,CIRCLE,0.00014970125843284066,8.272899202265204e-06,0.4824715090787348,0.02261175254146633,0.0005115530395087275,0.5,0.028496403855892576,-2.4246458953008533e-05
3.072,CIRCLE,0.00021945044632833914,1.2937155042248186e-05,0.4831875666596789,0.0251221590898848,0.0006315216969912663,0.5,0.030053044096133442,-2.9896715375649282e-05
3.08,CIRCLE,0.000306808352226741,1.9061823137866044e-05,0.48388965656758814,0.027631930898463615,0.0007641074653961244,0.5,0.03172949070953025,-3.574790178594448e-05
3.088,CIRCLE,0.00041317555748073096,2.6825249966877067e-05,0.48457791544035483,0.030141004554971776,0.000909306994793635,0.5,0.033501690749854214,-4.175179234190671e-05
3.096,CIRCLE,0.0005398397348434015,3.64022358734234e-05,0.4852524806834821,0.03264931666481789,0.001067116616552899,0.5,0.035349260343636224,-4.783894301046695e-05
3.104,CIRCLE,0.0006879840621655526,4.7964873293107943e-05,0.4859134907762139,0.035156803852651915,0.0012375323434348773,0.5,0.037255125159189245,-5.392432452156103e-05
3.112,CIRCLE,0.0008586904792873415,6.168265841385547e-05,0.48656108566697404,0.037663402763966375,0.001420549869693033,0.5,0.03920507345875408,-5.992370244846071e-05
3.12,CIRCLE,0.0010529420660213696,7.772231629424789e-05,0.4871954071359315,0.040169050066697125,0.001616164571181966,0.5,0.04118730760934377,-6.576324222511464e-05
3.128,CIRCLE,0.0012716264129705814,9.62476177321738e-05,0.4878165990546169,0.04267368245282349,0.0018243715054743759,0.5,0.04319203532011971,-7.13836509313035e-05
3.136,CIRCLE,0.0015155402167411256,0.000117419297423871,0.48842480752632417,0.045177236639967804,0.0020451654119860163,0.5,0.04521111611582771,-7.673892571990336e-05
3.144,CIRCLE,0.0017853946102026497,0.00014139507552373405,0.48902018092489963,0.04767964937299433,0.0022785407121084233,0.5,0.04723776496221998,-8.179320595414989e-05
3.152,CIRCLE,0.0020818206488398,0.00016832974222320685,0.4896028698610876,0.050180857425607454,0.002524491509349913,0.5,0.0492663084901964,-8.651761687077537e-05
3.16,CIRCLE,0.0024053745646033004,0.00019837526394399853,0.49017302710230337,0.05268079760194919,0.0027830115894847407,0.5,0.05129198673137412,-9.088819854709915e-05
3.168,CIRCLE,0.002756542625863447,0.00023168088525342534,0.49073080746292747,0.055179406738195894,0.003054094420709863,0.5,0.053310792811536035,-9.488489067152146e-05
3.176,CIRCLE,0.003135745597225803,0.00026839321659457953,0.49127636767431304,0.05767662170415412,0.0033377331538101407,0.5,0.05531934358897673,-9.849119819113966e-05
3.184,CIRCLE,0.003543342860873229,0.00030865630797287396,0.4918098662390038,0.06017237940485576,0.0036339206223313103,0.5,0.05731477517781138,-0.00010169410503464345
3.192,CIRCLE,0.003979636268886073,0.00035261171263889594,0.49233146327183935,0.06266661678215213,0.003942649342761062,0.5,0.059294658338684365,-0.00010448397451274065
3.2,CIRCLE,0.004444873777073386,0.0004003985448385151,0.4928413203304241,0.06515927081630726,0.004263911514718222,0.5,0.06125692968895649,-0.00010685433981794024
3.208,CIRCLE,0.004939252888428802,0.0004521535342315408,0.4933396002377242,0.06765027852759015,0.004597699021149593,0.5,0.06319983551476206,-0.0001088016001627478
3.216,CIRCLE,0.005462923918825697,0.0005080110780988649,0.4938264668997197,0.07013957697786599,0.0049440034285353485,0.5,0.06512188564524873,-0.00011032467684457398
3.224,CIRCLE,0.006015993090453183,0.0005681032915397424,0.4943020851209037,0.0726271032721864,0.0053028159871019165,0.5,0.06702181538814021,-0.00011142467881837381
3.232,CIRCLE,0.0065985254571706104,0.0006325600555076985,0.4947666204200569,0.07511279456037853,0.005674127631042969,0.5,0.06889855394849187,-0.00011210460484289488
3.24,CIRCLE,0.007210547667219245,0.0007015090625274149,0.4952202388482777,0.07759658803863304,0.0060579289787489055,0.5,0.07075119808280775,-0.0001123690885978983
3.248,CIRCLE,0.007852050570348363,0.0007750758600586451,0.49566310681081616,0.0800784209510909,0.006454210333043275,0.5,0.07257898999898547,-0.0001122241811379056
3.2560000000000002,CIRCLE,0.008522991677389392,0.000853383891594295,0.4960953908939062,0.08255823059142903,0.006862961681428303,0.5,0.07438129871508285,-0.00011167716147799326
3.2640000000000002,CIRCLE,0.009223297480506574,0.000936554535649468,0.4965172576975088,0.08503595430444458,0.007284172696337632,0.5,0.07615760424910735,-0.00011073636748537429
3.2720000000000002,CIRCLE,0.009952865642016877,0.0010247071428182675,0.4969288736746654,0.08751152948763802,0.007717832735397334,0.5,0.07790748413741942,-0.00010941104224422372
3.2800000000000002,CIRCLE,0.010711567059113343,0.0011179590710654508,0.4973304049779865,0.08998489359279489,0.008163930841694589,0.5,0.07963060187823373,-0.00010771119362371352
3.2880000000000003,CIRCLE,0.011499247811258256,0.0012164257193996682,0.49772201731365834,0.09245598412756612,0.008622455744054958,0.5,0.08132669697481613,-0.00010564746621981613
3.2960000000000003,CIRCLE,0.012315730996529536,0.0013202205600552548,0.4981038758032237,0.09492473865704694,0.009093395857326714,0.5,0.0829955763148081,-0.00010323102531362952
3.3040000000000003,CIRCLE,0.013160818462817137,0.0014294551692943672,0.4984761448532865,0.09739109480535443,0.00957673928267383,0.5,0.08463710667120238,-0.00010047345240168163
3.3120000000000003,CIRCLE,0.014034292439450024,0.0015442392569305079,0.4988389880331962,0.0998549902572035,0.01007247380787657,0.5,0.08625120814962055,-9.738665161760447e-05
3.3200000000000003,CIRCLE,0.014935917074557485,0.0016646806946665365,0.49919256796068734,0.10231636275948132,0.01058058690763991,0.5,0.0878378484378606,-9.398276617504825e-05
3.3280000000000003,CIRCLE,0.015865439883209348,0.001790885543333653,0.49953704619538575,0.10477515012282027,0.011101065743910121,0.5,0.08939703773886463,-9.027410390260882e-05
3.336,CIRCLE,0.01682259311112837,0.0019229580791116836,0.4998725831400384,0.10723129022316905,0.011633897166199225,0.5,0.0909288242885942,-8.627307098202898e-05
3.344,CIRCLE,0.017807095018522744,0.0020610008188050167,0.5001993379492797,0.10968472100336282,0.012179067711917013,0.5,0.09243329037679916,-8.199211308740397e-05
3.352,CIRCLE,0.018818651088349066,0.002205114544242698,0.5005174684457148,0.11213538047469047,0.012736563606711382,0.5,0.09391054880209868,-7.744366323002351e-05
3.36,CIRCLE,0.019856955163088788,0.0023553983258656386,0.5008271310430715,0.11458320671846121,0.013306370764816389,0.5,0.0953607397037836,-7.264009568351036e-05
3.368,CIRCLE,0.02092169051390482,0.0025119495455586042,0.501128480676156,0.11702813788756902,0.013888474789407912,0.5,0.09678402772176452,-6.759368545383437e-05
3.376,CIRCLE,0.02201253084584113,0.0026748639187798443,0.5014216707373281,0.11947011220805517,0.014482860972967582,0.5,0.09818059944352374,-6.231657278251362e-05
3.384,CIRCLE,0.02312914124253487,0.0028442355160366905,0.5017068530192078,0.12190906798066911,0.015089514297654538,0.5,0.099550661103078,-5.68207322295647e-05
3.392,CIRCLE,0.02427117905372818,0.0030201567837513403,0.5019841776633133,0.12434494358242727,0.015708419435684406,0.5,0.10089443650206657,-5.111794590960824e-05
3.4,CIRCLE,0.025438294728693817,0.0032027185645572475,0.5022537931143329,0.12677767746817015,0.01633956074971704,0.5,0.10221216512733738,-4.52197804913089e-05
3.408,CIRCLE,0.02663013259852504,0.0033920101170630615,0.5025158460797322,0.1292072081721172,0.016982922293251435,0.5,0.10350410044296895,-3.913756760018476e-05
3.416,CIRCLE,0.027846331610084565,0.003588119135117874,0.5027704814943981,0.13163347430942,0.017638487811028558,0.5,0.10477050833766165,-3.288238729394648e-05
3.424,CIRCLE,0.029086526014260143,0.0037911317666086174,0.5030178424900309,0.13405641457771297,0.018306240739442037,0.5,0.10601166571095641,-2.6465054312975702e-05
3.432,CIRCLE,0.03035034601103433,0.004001132631817788,0.5032580703689981,0.1364759677586625,0.018986164206957035,0.5,0.1072278591838796,-1.9896106827877687e-05
3.44,CIRCLE,0.03163741835374358,0.0042182048413672455,0.5034913045823719,0.13889207271951348,0.019678241034535915,0.5,0.1084193839214268,-1.318579743539387e-05
3.448,CIRCLE,0.03294736691477606,0.004442430013771596,0.5037176827118834,0.1413046684146341,0.020382453736072836,0.5,0.10958654255584897,-6.3440861739543695e-06
3.456,CIRCLE,0.03427981321483853,0.004673888292622666,0.5039373404555317,0.14371369388705807,0.02109878451883529,0.5,0.11072964420102778,6.193646517106022e-07
3.464,CIRCLE,0.03563437691780963,0.0049126583634247194,0.5041504116165995,0.1461190882700248,0.021827215283913626,0.5,0.11184900354936544,7.695194024637756e-06
3.472,CIRCLE,0.03701067629309011,0.0051588174700983825,0.5043570280958356,0.14852079078851732,0.02256772762667847,0.5,0.11294494004359411,1.4874344326259964e-05
3.48,CIRCLE,0.03840832864725896,0.0054124414311697375,0.5045573198865757,0.15091874076079784,0.023320302837245732,0.5,0.11401777711675562,2.214806215848731e-05
3.488,CIRCLE,0.039826950726748404,0.00567360465565964,0.504751415072582,0.15331287759994083,0.02408492190094924,0.5,0.11506784149433862,2.9507898024262182e-05
3.496,CIRCLE,0.04126615909315957,0.00594238015868708,0.5049394398283952,0.155703140815364,0.024861565498821236,0.5,0.11609546255319729,3.6945704996991605e-05
3.504,CIRCLE,0.042725570472754416,0.006218839576799238,0.5051215184220011,0.1580894700143564,0.02565021400808043,0.5,0.1171009717324343,4.4453636499803374e-05
3.512,CIRCLE,0.04420480208157771,0.006503053183039893,0.5052977732196265,0.1604718049036046,0.026450847502627828,0.5,0.1180847019919193,5.202414330112768e-05
3.52,CIRCLE,0.045703471927585185,0.006795089901766856,0.5054683246924851,0.16285008529071593,0.02726344575355022,0.5,0.11904698731454115,5.964996982976967e-05
3.528,CIRCLE,0.047221199091080863,0.007095017323228305,0.5056332914253102,0.1652242510857392,0.028087988229631322,0.5,0.11998816224867184,6.732414989397505e-05
3.536,CIRCLE,0.04875760398469666,0.007402901717907082,0.5057927901265152,0.16759424230268322,0.02892445409787031,0.5,0.12090856148765192,7.504000189063378e-05
3.544,CIRCLE,0.0503123085940816,0.007718808050641359,0.5059469356398362,0.16995999906103207,0.029772822224008455,0.5,0.12180851948340321,8.279112357534814e-05
3.552,CIRCLE,0.05188493670040552,0.008042799994529417,0.5060958409573161,0.1723214615872584,0.03063307117306291,0.5,0.12268837009153763,9.057138646143371e-05
3.56,CIRCLE,0.05347511408572282,0.008374939944625733,0.5062396172335034,0.17467857021633337,0.03150517920986845,0.5,0.1235484462455633,9.837492990777181e-05
3.568,CIRCLE,0.05508246872218597,0.00871528903143505,0.506378373800742,0.17703126539323435,0.032389124299626426,0.5,0.12438907965799954,0.00010619615495054365
3.576,CIRCLE,0.05670663094604507,0.009063907134210623,0.50651221818544,0.1793794876744496,0.033284884108461754,0.5,0.12521060054639802,0.00011402971792638703
3.584,CIRCLE,0.05834723361731967,0.009420852894062448,0.5066412561252114,0.18172317772948016,0.03419243600398697,0.5,0.12601333738243545,0.0001218705239335865
3.592,CIRCLE,0.06000391226598129,0.00978618372688085,0.5067655915867921,0.18406227634233885,0.035111757055874215,0.5,0.12679761666239464,0.00012971372016835098
3.6,CIRCLE,0.06167630522543981,0.010159955836080491,0.506885326784639,0.1863967244130465,0.036042824036434606,0.5,0.1275637626974859,0.00013755468917293955
3.608,CIRCLE,0.06336405375408433,0.010542224225169554,0.5070005622001266,0.1887264629591252,0.03698561342120488,0.5,0.12831209742258506,0.00014538904202856577
3.616,CIRCLE,0.06506680214558831,0.010933042710148515,0.5071113966012619,0.19105143311708853,0.03794010138954207,0.5,0.12904294022207388,0.00015321261151884268
3.624,CIRCLE,0.06678419782865067,0.011332463931742734,0.5072179270628467,0.19337157614392875,0.038906263825225273,0.5,0.12975660777157258,0.00016102144529139814
3.632,CIRCLE,0.06851589145680775,0.0117405393674728,0.5073202489870158,0.19568683341860107,0.039884076317064754,0.5,0.13045341389444265,0.00016881179903826133
3.64,CIRCLE,0.07026153698891724,0.012157319343566382,0.5074184561240926,0.1979971464435048,0.04087351415951912,0.5,0.13113366943202556,0.00017658012971648936
3.648,CIRCLE,0.07202079176088168,0.012582853046715121,0.5075126405937026,0.20030245684596132,0.04187455235331905,0.5,0.13179768212665652,0.0001843230888257184
3.656,CIRCLE,0.07379331654914903,0.013017188535679944,0.5076028929060913,0.2026027063796889,0.04288716560609945,0.5,0.1324457565165637,0.00019203751575682147
3.664,CIRCLE,0.07557877562649805,0.013460372752747978,0.5076893019835998,0.20489783692627447,0.04391132833303801,0.5,0.13307819384182792,0.0001997204312272812
3.672,CIRCLE,0.07737683681058856,0.013912451535044152,0.5077719551822519,0.20718779049664193,0.044947014657502116,0.5,0.1336952919606351,0.00020736903081318246
3.68,CIRCLE,0.07918717150573056,0.01437346962570037,0.5078509383134123,0.2094725092325173,0.04599419841170205,0.5,0.1342973452751087,0.00021498067858816597
3.688,CIRCLE,0.08100945473830112,0.014843470684885075,0.5079263356654788,0.2117519354078908,0.04705285313735286,0.5,0.13488464466605982,0.00022255290087825857
3.696,CIRCLE,0.0828433651862145,0.015322497300695855,0.5079982300255743,0.214026011430475,0.04812295208634221,0.5,0.13545747743603537,0.00023008338013973998
3.704,CIRCLE,0.08468858520282853,0.01581059099991766,0.5080667027012074,0.21629467984316025,0.049204468221406616,0.5,0.13601612726009185,0.00023756994896501632
3.712,CIRCLE,0.08654480083564933,0.01630779225864912,0.508131833541874,0.2185578833254663,0.050297374216814406,0.5,0.13656087414375614,0.00024501058422324946
3.72,CIRCLE,0.08841170184017624,0.016814140512799326,0.5081937009605743,0.22081556469499053,0.05140164245905621,0.5,0.13709199438767428,0.00025240340133832195
3.728,CIRCLE,0.09028898168920993,0.01732967416845734,0.5082523819552217,0.22306766690885274,0.052517245047542516,0.5,0.13760976055848112,0.00025974664870697566
3.736,CIRCLE,0.09217633757792884,0.01785443061213671,0.5083079521299242,0.2253141330651365,0.05364415379530879,0.5,0.1381144414654555,0.00026703870226148306
3.744,CIRCLE,0.0940734704250219,0.01838844622089705,0.5083604857161177,0.2275549064043267,0.0547823402297275,0.5,0.13860630214255282,0.00027427806017584074
3.7520000000000002,CIRCLE,0.09598008487014952,0.018931756372344823,0.5084100555935374,0.22978993031074377,0.05593177559322765,0.5,0.1390856038354359,0.0002814633377178583
3.7600000000000002,CIRCLE,0.09789588926798957,0.019484395454515285,0.5084567333110097,0.23201914831397402,0.057092430844021214,0.5,0.13955260399314703,0.00028859326224827444
3.7680000000000002,CIRCLE,0.09982059567911071,0.02004639687563756,0.5085005891070544,0.2342425040902965,0.05826427665683703,0.5,0.14000755626409028,0.00029566666836455715
3.7760000000000002,CIRCLE,0.10175391985790139,0.02061779307378471,0.5085416919302828,0.2364599414641061,0.05944728342366162,0.5,0.14045071049601113,0.00030268249319185674
3.7840000000000003,CIRCLE,0.10369558123777067,0.021198615526410655,0.5085801094595841,0.23867140440933285,0.060641421254487515,0.5,0.14088231273968382,0.00030963977181641813
3.7920000000000003,CIRCLE,0.1056453029138239,0.021788894759775707,0.5086159081240903,0.2408768370508575,0.0618466599780681,0.5,0.141302605256033,0.0003165376328643095
3.8000000000000003,CIRCLE,0.1076028116232053,0.022388660358262463,0.5086491531229123,0.24307618366592318,0.06306296914268028,0.5,0.141711826526435,0.0003233752942216874
3.8080000000000003,CIRCLE,0.10956783772328825,0.02299794097358372,0.5086799084446403,0.24526938868554354,0.06429031801689356,0.5,0.14211021126595993,0.0003301520588927809
3.8160000000000003,CIRCLE,0.11154011516788381,0.023616764333884092,0.5087082368866045,0.24745639669590647,0.06552867559034675,0.5,0.1424979904393305,0.0003368673109992326
3.8240000000000003,CIRCLE,0.11351938148162807,0.0242451572527369,0.5087342000738899,0.24963715243977436,0.06677801057453137,0.5,0.1428753912793886,0.0003435205119119551
3.8320000000000003,CIRCLE,0.11550537773269971,0.024883145638037903,0.5087578584781035,0.25181160081788023,0.06803829140358225,0.5,0.1432426373078731,0.00035011119651796353
3.84,CIRCLE,0.1174978485040103,0.0255307545007974,0.5087792714358895,0.2539796868903198,0.06930948623507494,0.5,0.14359994835832487,0.00035663896961759346
3.848,CIRCLE,0.11949654186300145,0.026188007963832194,0.508798497167192,0.2561413558779398,0.07059156295083047,0.5,0.14394754060094792,0.00036310350244984376
3.856,CIRCLE,0.12150120933017525,0.026854929270358836,0.5088155927932625,0.25829655316372163,0.0718844891577266,0.5,0.14428562656926308,0.00036950452933680664
3.864,CIRCLE,0.12351160584647687,0.027531540792489664,0.5088306143544115,0.2604452242941619,0.0731882321885165,0.5,0.1446144151884056,0.0003758418444679439
3.872,CIRCLE,0.12552748973964079,0.028217864039632872,0.5088436168275055,0.2625873149806476,0.07450275910265391,0.5,0.14493411180492302,0.00038211529878074384
3.88,CIRCLE,0.12754862268960607,0.02891391966679808,0.5088546541432077,0.2647227711008283,0.07582803668712562,0.5,0.1452449182179426,0.00038832479697210626
3.888,CIRCLE,0.12957476969309933,0.029619727482808715,0.5088637792029642,0.26685153869998346,0.0771640314572905,0.5,0.14554703271158176,0.0003944702946213808
3.896,CIRCLE,0.13160569902747826,0.030335306458422494,0.5088710438957357,0.26897356399238537,0.0785107096577255,0.5,0.1458406500884868,0.00040055179541939807
3.904,CIRCLE,0.13364118221392274,0.03106067473436124,0.5088764991144775,0.2710887933626586,0.07986803726307878,0.5,0.1461259617043908,0.0004065693485108237
3.912,CIRCLE,0.13568099398005534,0.031795849629251326,0.5088801947723688,0.2731971733671343,0.08123597997892895,0.5,0.1464031555035874,0.00041252304593556707
3.92,CIRCLE,0.13772491222206798,0.032540847647475966,0.5088821798187922,0.27529865073520055,0.08261450324265213,0.5,0.14667241605522646,0.00041841302017366636
3.928,CIRCLE,0.13977271796642668,0.033295684486940494,0.5088825022550686,0.2773931723706484,0.08400357222429455,0.5,0.14693392459034052,0.0004242394417888918
3.936,CIRCLE,0.1418241953312218,0.03406037504675186,0.5088812091499455,0.2794806853530135,0.08540315182745317,0.5,0.1471878590395201,0.0004300025171678654
3.944,CIRCLE,0.14387913148722678,0.03483493343481349,0.5088783466548462,0.28156113693891294,0.08681320669016207,0.5,0.14743439407115777,0.0004357024863490156
3.952,CIRCLE,0.14593731661872486,0.03561937297533653,0.5088739600188787,0.283634474563378,0.0882337011857861,0.5,0.14767370113018877,0.00044133962094463936
3.96,CIRCLE,0.14799854388415848,0.03641370621626878,0.5088680936036101,0.28570064584118227,0.08966459942392085,0.5,0.14790594847725946,0.0004469142221482526
3.968,CIRCLE,0.15006260937665358,0.037217944936642176,0.5088607908976068,0.2877595985681653,0.0911058652512996,0.5,0.1481313012282592,0.0004524266188247764
3.976,CIRCLE,0.15212931208446664,0.03803210015384008,0.508852094530747,0.28981128072255136,0.09255746225270672,0.5,0.1483499213941563,0.00045787716568282784
3.984,CIRCLE,0.15419845385139974,0.03885618213078525,0.5088420462883051,0.29185564046626417,0.09401935375189774,0.5,0.1485619679210815,0.00046326624152557877
3.992,CIRCLE,0.1562698393372254,0.03969020038304966,0.5088306871248146,0.2938926261462363,0.09549150281252611,0.5,0.14876759673060772,0.0004685942475773807
4.0,CIRCLE,0.15834327597816053,0.04053416368588711,0.5088180571777103,0.2959221862957145,0.09697387223907622,0.5,0.14896696076017613,0.00047386160588328675
4.008,CIRCLE,0.16041857394742565,0.04138808008118956,0.5088041957807548,0.2979442696355599,0.09846642457780347,0.5,0.14916021000362434,0.00047906875777779963
4.016,CIRCLE,0.1624955461159234,0.042251956884368315,0.5087891414772517,0.2999588250755437,0.09996912211768033,0.5,0.14934749155177326,0.0004842161624255586
4.024,CIRCLE,0.16457400801306762,0.04312580069116085,0.5087729320330505,0.3019658017156382,0.10148192689134927,0.5,0.14952894963303445,0.0004893042954248625
4.032,CIRCLE,0.16665377778779208,0.044009617384364354,0.5087556044493436,0.30396514884730247,0.10300480067608214,0.5,0.14970472565399962,0.0004943336474732368
4.04,CIRCLE,0.1687346761697659,0.044903412140496785,0.5087371949752629,0.30595681595476376,0.10453770499474563,0.5,0.1498749582399794,0.0004993047230994319
4.048,CIRCLE,0.17081652643084053,0.045807189436386495,0.508717739120276,0.30794075271629395,0.10608060111677375,0.5,0.15003978327545955,0.0005042180394479286
4.056,CIRCLE,0.17289915434675138,0.046720953055691176,0.5086972716663867,0.3099169090054809,0.10763345005914626,0.5,0.15019933394444415,0.0005090741251257897
4.064,CIRCLE,0.17498238815909511,0.047644706095347135,0.5086758266801444,0.31188523489249487,0.10919621258737355,0.5,0.1503537407706593,0.0005138735190989942
4.072,CIRCLE,0.17706605853760227,0.04857845097194967,0.5086534375244633,0.31384568064535,0.11076884921648811,0.5,0.1505031316575916,0.0005186167696483452
4.08,CIRCLE,0.17914999854272293,0.049522189428065466,0.5086301368702566,0.31579819673116116,0.11235132021204192,0.5,0.15064763192833824,0.0005233044333644473
4.088,CIRCLE,0.181234043588542,0.050475922538477824,0.5086059567078884,0.3177427338173951,0.11394358559111079,0.5,0.15078736436524637,0.00052793707420592
4.096,CIRCLE,0.1833180314060388,0.051439650716365554,0.5085809283584467,0.31967924277311716,0.11554560512330408,0.5,0.1509224492493224,0.0005325152625918486
4.104,CIRCLE,0.1854018020067047,0.05241337371941638,0.50855508248484,0.3216076746702324,0.11715733833178155,0.5,0.15105300439939195,0.0005370395745470497
4.112,CIRCLE,0.1874851976465311,0.05339709065587563,0.5085284491027223,0.3235279807847219,0.11877874449427583,0.5,0.15117914521099438,0.0005415105908862511
4.12,CIRCLE,0.18956806279037886,0.05439079999053103,0.5085010575912475,0.32544011259787403,0.12040978264412155,0.5,0.15130098469499542,0.0005459288964419633
4.128,CIRCLE,0.19165024407673928,0.05539449955063435,0.5084729367036578,0.32734402179751004,0.12205041157128999,0.5,0.15141863351590357,0.0005502950793316814
4.136,CIRCLE,0.19373159028289538,0.05640818653176077,0.5084441145777086,0.32923966027920476,0.12370058982343085,0.5,0.15153220002987788,0.0005546097302631119
4.144,CIRCLE,0.19581195229049173,0.05743185750360663,0.5084146187459331,0.3311269801475022,0.1253602757069191,0.5,0.1516417903224142,0.0005588734418766091
4.152,CIRCLE,0.19789118305151962,0.05846550841572634,0.5083844761457488,0.33300593371712556,0.12702942728790872,0.5,0.15174750824569969,0.000563086808122051
4.16,CIRCLE,0.1999691375547239,0.05950913460320926,0.5083537131294095,0.33487647351418204,0.12870800239339208,0.5,0.1518494554556248,0.0005672504236710214
4.168,CIRCLE,0.20204567279243674,0.060562730792297195,0.5083223554738052,0.33673855227736227,0.1303959586122655,0.5,0.15194773144844462,0.0005713648833602913
4.176,CIRCLE,0.2041206477278429,0.06162629110594332,0.5082904283901134,0.33859212295913466,0.13209325329640093,0.5,0.15204243359708133,0.0005754307816666775
4.184,CIRCLE,0.2061939232626805,0.0626998090693132,0.5082579565333023,0.3404371387269339,0.1337998435617232,0.5,0.15213365718705957,0.0005794487122115746
4.192,CIRCLE,0.20826536220538003,0.06378327761522862,0.5082249640114916,0.3422735529643441,0.135515686289294,0.5,0.15222149545206934,0.0005834192672949971
4.2,CIRCLE,0.21033482923964494,0.0648766890895549,0.5081914743951712,0.344101319272277,0.13724073812640086,0.5,0.15230603960915023,0.0005873430374539458
4.208,CIRCLE,0.21240219089347478,0.06598003525653255,0.5081575107262805,0.3459203914701441,0.13897495548765276,0.5,0.15238737889349196,0.0005912206110541107
4.216,CIRCLE,0.21446731550863304,0.06709330730405363,0.5081230955271522,0.3477307235970232,0.14071829455608148,0.5,0.1524656005928462,0.0005950525738992166
4.224,CIRCLE,0.21653007321056023,0.06821649584888387,0.5080882508093214,0.3495322699128202,0.1424707112842482,0.5,0.1525407900815472,0.0005988395088624018
4.232,CIRCLE,0.2185903358787327,0.06934959094183088,0.5080529980822031,0.3513249848994244,0.1442321613953571,0.5,0.15261303085413608,0.0006025819955551828
4.24,CIRCLE,0.22064797711746698,0.07049258207285944,0.5080173583616397,0.35310882326185844,0.1460026003843734,0.5,0.1526824045585878,0.0006062806100013948
4.248,CIRCLE,0.22270287222716936,0.07164545817615418,0.5079813521783227,0.3548837399294232,0.14778198351914829,0.5,0.1527489910291375,0.0006099359243402337
4.256,CIRCLE,0.2247548981760298,0.07280820763513063,0.5079449995860874,0.35664969005683617,0.14957026584154892,0.5,0.15281286831870444,0.0006135485065515778
4.264,CIRCLE,0.2268039335721587,0.07398081828739497,0.507908320170086,0.3584066290253647,0.15136740216859434,0.5,0.15287411273091261,0.0006171189201969523
4.272,CIRCLE,0.22884985863616514,0.07516327742965345,0.5078713330548394,0.3601545124439532,0.15317334709359726,0.5,0.1529327988517069,0.0006206477241742673
4.28,CIRCLE,0.23089255517417484,0.07635557182257177,0.5078340569121702,0.36189329615034493,0.15498805498731105,0.5,0.15298899958056375,0.0006241354725031787
4.288,CIRCLE,0.2329319065512853,0.0775576876955853,0.5077965099690184,0.3636229362121977,0.15681147999908274,0.5,0.15304278616129674,0.0006275827141135261
4.296,CIRCLE,0.23496779766545584,0.0787696107516606,0.5077587100151426,0.36534338892819374,0.1586435760580115,0.5,0.15309422821245652,0.0006309899926590891
4.304,CIRCLE,0.23700011492182999,0.07999132617200899,0.5077206744107082,0.36705461082914403,0.16048429687411275,0.5,0.15314339375732625,0.0006343578463405696
4.312,CIRCLE,0.23902874620748685,0.08122281862075258,0.507682420093764,0.36875655867908674,0.16233359593948754,0.5,0.15319034925351227,0.0006376868077473199
4.32,CIRCLE,0.24105358086661877,0.08246407224954352,0.507643963587609,0.37044918947637917,0.1641914265294977,0.5,0.15323515962213155,0.0006409774037102404
4.328,CIRCLE,0.24307450967613164,0.0837150707021371,0.5076053210080526,0.37213246045478476,0.16605774170394655,0.5,0.1532778882765972,0.0006442301551701596
4.336,CIRCLE,0.2450914248216644,0.084975797118919,0.5075665080705676,0.37380632908455325,0.16793249430826462,0.5,0.1533185971510025,0.0006474455770587722
4.344,CIRCLE,0.24710421987402412,0.08624623414138767,0.5075275400973397,0.3754707530734954,0.1698156369747013,0.5,0.1533573467281065,0.0006506241781850144
4.352,CIRCLE,0.24911278976603263,0.08752636391659205,0.5074884320242136,0.37712569036805166,0.17170712212352152,0.5,0.15339419606692162,0.000653766461147065
4.36,CIRCLE,0.2511170307697809,0.08881616810152547,0.5074491984075383,0.3787710991543544,0.17360690196420786,0.5,0.1534292028299061,0.0006568729222394121
4.368,CIRCLE,0.2531168404742871,0.09011562786747615,0.5074098534309132,0.38040693785928464,0.17551492849666822,0.5,0.15346242330976304,0.0006599440513781965
4.376,CIRCLE,0.2551121177635537,0.09142472390433483,0.5073704109118349,0.38203316515152236,0.17743115351244837,0.5,0.15349391245584845,0.0006629803320410839
4.384,CIRCLE,0.25710276279502,0.09274343642486024,0.5073308843082491,0.3836497399425907,0.17935552859595022,0.5,0.1535237239001911,0.0006659822412043822
4.392,CIRCLE,0.25908867697840504,0.0940717451689028,0.5072912867250059,0.3852566213878944,0.18128800512565485,0.5,0.1535519099831259,0.0006689502492993335
4.4,CIRCLE,0.26106976295493695,0.09540962940758717,0.5072516309202217,0.3868537688877513,0.18322853427535124,0.5,0.15357852177854425,0.0006718848201741049
4.408,CIRCLE,0.2630459245769634,0.09675706794745416,0.5072119293115496,0.38844114208841857,0.18517706701536968,0.5,0.15360360911876425,0.0006747864110571037
4.416,CIRCLE,0.2650170668879396,0.09811403913456257,0.5071721939823571,0.39001870088311213,0.18713355411382077,0.5,0.15362722061902315,0.0006776554725420591
4.424,CIRCLE,0.26698309610278814,0.09948052085855141,0.507132436687816,0.3915864054130199,0.18909794613783915,0.5,0.15364940370159502,0.0006804924485645355
4.432,CIRCLE,0.268943919588627,0.10085649055666315,0.5070926688609024,0.39314421606830924,0.19107019345483256,0.5,0.15367020461953762,0.00068329777639881
4.44,CIRCLE,0.27089944584585984,0.10224192521772835,0.5070529016183098,0.3946920934891271,0.19305024623373584,0.5,0.1536896684800704,0.0006860718866488621
4.448,CIRCLE,0.2728495844896246,0.1036368013861123,0.5070131457662772,0.396229998566595,0.19503805444627015,0.5,0.15370783926758827,0.0006888152032561757
4.456,CIRCLE,0.2747942462315954,0.10504109516562415,0.5069734118063312,0.3977578924437973,0.19703356786820658,0.5,0.15372475986631304,0.0006915281435078988
4.464,CIRCLE,0.2767333428621328,0.10645478222338912,0.5069337099409453,0.39927573651676224,0.1990367360806355,0.5,0.1537404720825867,0.0006942111180486989
4.472,CIRCLE,0.2786667872327779,0.107877837793684,0.5068940500791168,0.40078349243543804,0.20104750847124025,0.5,0.15375501666681013,0.0006968645309055764
4.48,CIRCLE,0.28059449323908464,0.1093102366817368,0.5068544418418619,0.4022811221046616,0.20306583423557611,0.5,0.15376843333503015,0.0006994887795044857
4.488,CIRCLE,0.28251637580378675,0.11075195326749078,0.5068148945676311,0.4037685876851208,0.2050916623783537,0.5,0.15378076079017847,0.000702084254707767
4.496,CIRCLE,0.28443235086029306,0.11220296150933351,0.5067754173176454,0.4052458515943109,0.20712494171472756,0.5,0.15379203674296665,0.0007046513408428019
4.5040000000000004,CIRCLE,0.28634233533650744,0.11366323494779125,0.5067360188811545,0.40671287650748394,0.20916562087158935,0.5,0.15380229793244016,0.0007071904157402553
4.5120000000000005,CIRCLE,0.288246247138968,0.11513274670918934,0.5066967077806179,0.40816962535859175,0.2112136482888659,0.5,0.15381158014619514,0.0007097018507722528
4.5200000000000005,CIRCLE,0.2901440051373009,0.1166114695092789,0.5066574922768102,0.4096160613412226,0.21326897222082197,0.5,0.15381991824026162,0.0007121860109028891
4.5280000000000005,CIRCLE,0.2920355291489838,0.11809937565683039,0.5066183803738513,0.411052147909531,0.2153315407373675,0.5,0.15382734615865684,0.0007146432547336371
4.5360000000000005,CIRCLE,0.29392073992441464,0.11959643705719442,0.5065793798241627,0.4124778487791611,0.21740130172536976,0.5,0.15383389695261215,0.0007170739345521159
4.5440000000000005,CIRCLE,0.2957995591322802,0.12110262521583046,0.5065404981333506,0.41389312792816374,0.21947820288997028,0.5,0.153839602799478,0.0007194783963880907
4.5520000000000005,CIRCLE,0.29767190934522025,0.12261791124180357,0.5065017425650173,0.4152979495979061,0.2215621917559057,0.5,0.15384449502130898,0.0007218569800702439
4.5600000000000005,CIRCLE,0.299537714025783,0.12414226585124992,0.5064631201455017,0.41669227829397554,0.22365321566883395,0.5,0.15384860410313436,0.000724210019284656
4.5680000000000005,CIRCLE,0.3013968975126661,0.12567565937081132,0.506424637668548,0.41807607878707637,0.22575122179666446,0.5,0.15385195971091709,0.0007265378416403421
4.5760000000000005,CIRCLE,0.3032493850072392,0.12721806174103933,0.5063863016999074,0.41944931611391967,0.2278561571308932,0.5,0.15385459070920454,0.0007288407687251175
4.5840000000000005,CIRCLE,0.3050951025603439,0.12876944251976935,0.5063481185818697,0.42081195557810713,0.22996796848794182,0.5,0.15385652517847587,0.0007311191161773561
4.5920000000000005,CIRCLE,0.30693397705936537,0.13032977088546505,0.5063100944377277,0.4221639627510073,0.23208660251050134,0.5,0.15385779043218784,0.0007333731937524624
4.6000000000000005,CIRCLE,0.30876593621557225,0.13189901564053366,0.506272235176175,0.42350530347262577,0.23421200566888062,0.5,0.15385841303352535,0.0007356033053900899
4.6080000000000005,CIRCLE,0.3105909085517197,0.1334771452146125,0.5062345464956381,0.424835943852468,0.23634412426235846,0.5,0.15385841881185733,0.000737809749287347
4.616,CIRCLE,0.3124088233899114,0.13506412766782722,0.5061970338885433,0.42615585027039554,0.23848290442054038,0.5,0.15385783287890437,0.0007399928179701966
4.624,CIRCLE,0.3142196108397157,0.13665993069402188,0.5061597026455188,0.4274649893774763,0.2406282921047207,0.5,0.15385667964462116,0.0007421527983694754
4.632,CIRCLE,0.3160232017865326,0.13826452162396183,0.5061225578595342,0.42876332809682577,0.24278023310924618,0.5,0.15385498283279422,0.000744289971882514
4.64,CIRCLE,0.3178195278802058,0.13987786742850936,0.506085604429977,0.43005083362444396,0.24493867306288708,0.5,0.15385276549636448,0.000746404614473134
4.648,CIRCLE,0.31960852152387675,0.14149993472177247,0.5060488470666669,0.4313274734300435,0.24710355743021,0.5,0.15385005003247268,0.0007484969967266246
4.656,CIRCLE,0.32139011586307586,0.14313068976422744,0.5060122902938096,0.432593215257872,0.24927483151295632,0.5,0.15384685819723518,0.0007505673839366055
4.664,CIRCLE,0.3231642447750469,0.14477009846581548,0.5059759384538896,0.4338480271275266,0.251452440451424,0.5,0.15384321112025096,0.0007526160361792736
4.672,CIRCLE,0.3249308428583005,0.14641812638901383,0.5059397957115036,0.4350918773347625,0.25363632922585366,0.5,0.15383912931884522,0.0007546432083975637
4.68,CIRCLE,0.32668984542239243,0.14807473875188157,0.5059038660571353,0.43632473445229353,0.2558264426578186,0.5,0.15383463271205236,0.0007566491504748611
4.688,CIRCLE,0.32844118847792325,0.14973990043108085,0.5058681533108716,0.4375465673305865,0.2580227254116194,0.5,0.1538297406343423,0.000758634107318972
4.696,CIRCLE,0.3301848087267545,0.15141357596487354,0.5058326611260616,0.4387573450986481,0.2602251219956815,0.5,0.15382447184909256,0.0007605983189391927
4.704,CIRCLE,0.3319206435524381,0.15309572955609388,0.5057973929929184,0.4399570371648049,0.2624335767639575,0.5,0.15381884456181147,0.0007625420205289704
4.712,CIRCLE,0.333648631010855,0.15478632507509746,0.5057623522420653,0.4411456132174763,0.26464803391733316,0.5,0.1538128764331142,0.0007644654425461481
4.72,CIRCLE,0.335368709821059,0.15648532606268686,0.5057275420480268,0.44232304322594046,0.2668684375050371,0.5,0.15380658459145619,0.0007663688107908498
4.728,CIRCLE,0.33708081935632234,0.15819269573301437,0.5056929654326642,0.4434892974410929,0.26909473142605467,0.5,0.15379998564562672,0.0007682523464901773
4.736,CIRCLE,0.3387848996353792,0.15990839697646195,0.5056586252685572,0.4446443463961982,0.2713268594305451,0.5,0.15379309569700636,0.000770116266378831
4.744,CIRCLE,0.3404808913138632,0.1616323923624992,0.5056245242823332,0.44578816090763473,0.27356476512126304,0.5,0.15378593035159194,0.0007719607827751702
4.752,CIRCLE,0.3421687356759355,0.16336464414251922,0.5055906650579421,0.44692071207563155,0.27580839195498325,0.5,0.1537785047317914,0.0007737861036673845
4.76,CIRCLE,0.3438483746260999,0.16510511425265284,0.5055570500398809,0.4480419712849992,0.2780576832439294,0.5,0.15377083348799345,0.0007755924327911177
4.768,CIRCLE,0.3455197506812019,0.1668537643165618,0.5055236815363652,0.44915191020585193,0.2803125821572061,0.5,0.15376293080991338,0.0007773799697107043
4.776,CIRCLE,0.3471828069626068,0.1686105556482109,0.5054905617224504,0.4502505007943244,0.28257303172223525,0.5,0.15375481043772027,0.0007791489098993881
4.784,CIRCLE,0.34883748718855545,0.17037544925461962,0.5054576926431038,0.4513377152932793,0.28483897482619497,0.5,0.15374648567294702,0.0007808994448146901
4.792,CIRCLE,0.3504837356666926,0.17214840583859345,0.5054250762162249,0.45241352623300946,0.28711035421746306,0.5,0.1537379693891881,0.0007826317619886075
4.8,CIRCLE,0.35212149728676534,0.17392938580143535,0.5053927142356189,0.4534779064319315,0.2893871125070633,0.5,0.15372927404258707,0.0007843460450923195
4.808,CIRCLE,0.3537507175134882,0.1757183492456376,0.5053606083739205,0.45453082899727243,0.29166919217011544,0.5,0.15372041168211678,0.0007860424740249007
4.816,CIRCLE,0.35537134237957174,0.17751525597755416,0.5053287601854698,0.4555722673257497,0.29395653554728884,0.5,0.15371139395965722,0.0007877212249882077
4.824,CIRCLE,0.35698331847891135,0.1793200655100544,0.5052971711091419,0.4566021951042428,0.296249084846259,0.5,0.15370223213987186,0.0007893824705629194
4.832,CIRCLE,0.358586592959933,0.18113273706515776,0.5052658424711293,0.4576205863104585,0.29854678214316804,0.5,0.15369293710988707,0.0007910263797898933
4.84,CIRCLE,0.3601811135190936,0.18295322957665036,0.5052347754876781,0.45862741521358796,0.30084956938408797,0.5,0.153683519388777,0.0007926531182390016
4.848,CIRCLE,0.3617668283945319,0.18478150169268331,0.505203971267779,0.45962265637495714,0.30315738838648765,0.5,0.153673989136857,0.0007942628480925379
4.856,CIRCLE,0.3633436863598676,0.18661751177835334,0.5051734308158135,0.46060628464866943,0.3054701808407027,0.5,0.1536643561647892,0.0007958557282183229
4.864,CIRCLE,0.3649116367181457,0.1884612179182658,0.5051431550341546,0.46157827518224104,0.307787888311409,0.5,0.15365462994250226,0.0007974319142392285
4.872,CIRCLE,0.3664706292959231,0.19031257791908068,0.5051131447257259,0.46253860341722874,0.31011045223909883,0.5,0.15364481960792864,0.0007989915586142446
4.88,CIRCLE,0.3680206144374946,0.19217154931204147,0.5050834005965147,0.4634872450898507,0.31243781394156056,0.5,0.15363493397556277,0.0008005348107065709
4.888,CIRCLE,0.36956154299925553,0.1940380893554875,0.5050539232580449,0.46442417623159915,0.3147699146153614,0.5,0.1536249815448421,0.0008020618168596622
4.896,CIRCLE,0.3710933663441981,0.19591215503734985,0.5050247132298057,0.4653493731698463,0.31710669533733304,0.5,0.15361497050835468,0.0008035727204652001
4.904,CIRCLE,0.3726160363365394,0.19779370307763122,0.5049957709416399,0.4662628125284423,0.3194480970660606,0.5,0.15360490875987554,0.0008050676620372719
4.912,CIRCLE,0.3741295053364774,0.19968268993087,0.5049670967360904,0.4671644712283058,0.321794060643374,0.5,0.15359480390223473,0.0008065467792825576
4.92,CIRCLE,0.3756337261950733,0.20157907178858853,0.5049386908707061,0.46805432648800716,0.32414452679584294,0.5,0.15358466325502018,0.000808010207163715
4.928,CIRCLE,0.37712865224925707,0.2034828045817264,0.5049105535203082,0.46893235582434417,0.3264994361362746,0.5,0.15357449386211802,0.0008094580779784275
4.936,CIRCLE,0.37861423731695365,0.20539384398305852,0.5048826847792164,0.46979853705290986,0.32885872916521375,0.5,0.15356430249909211,0.000810890521419458
4.944,CIRCLE,0.38009043569232787,0.20731214540959833,0.5048550846634359,0.4706528482886532,0.33122234627244646,0.5,0.15355409568040693,0.000812307664641643
4.952,CIRCLE,0.38155720214114497,0.2092376640249866,0.5048277531128061,0.471495267946432,0.333590227738506,0.5,0.1535438796664955,0.0008137096323369658
4.96,CIRCLE,0.38301449189624476,0.211170354741866,0.5048006899931116,0.4723257747415582,0.3359623137361818,0.5,0.15353366047067507,0.0008150965467846898
4.968,CIRCLE,0.384462260653127,0.2131101722242413,0.5047738950981541,0.47314434769033575,0.3383385443320311,0.5,0.15352344386591354,0.0008164685279304225
4.976,CIRCLE,0.3859004645656455,0.2150570708898262,0.504747368151789,0.47395096611059084,0.34071885948789293,0.5,0.15351323539144845,0.0008178256934417522
4.984,CIRCLE,0.3873290602418087,0.2170110049123762,0.5047211088099242,0.47474560962219425,0.3431031990624056,0.5,0.15350304035926207,0.0008191681587755087
4.992,CIRCLE,0.3887480047397629,0.218971928223913,0.5046951166561915,0.47552825814757654,0.3454915028125256,0.5,0.15349286386025607,0.000820493696240063
5.0,CIRCLE,0.39015725556281317,0.22093979451806514,0.5046693912215767,0.4762988919122352,0.3478837103950503,0.5,0.15348271077069,0.0008218023526457875
5.008,CIRCLE,0.39155677065846345,0.22291455725064488,0.5046439319758673,0.477057491445234,0.35027976136814215,0.5,0.1534725857576705,0.0008231051891511954
5.016,CIRCLE,0.3929465084143234,0.22489616964146195,0.5046187383233873,0.4778040375796957,0.352679595192856,0.5,0.15346249328549505,0.0008243904986265863
5.024,CIRCLE,0.3943264276450179,0.22688458468303463,0.5045938096030337,0.47853851145328535,0.3550831512346688,0.5,0.15345243762121658,0.0008256610141481528
5.032,CIRCLE,0.39569648759769566,0.22887975513617803,0.5045691451029402,0.47926089450868775,0.3574903687650113,0.5,0.15344242284108592,0.0008269176891725213
5.04,CIRCLE,0.3970566479495898,0.23088163353157534,0.5045447440563657,0.4799711684940757,0.3599011869628025,0.5,0.15343245283594054,0.0008281602646920188
5.048,CIRCLE,0.39840686880335113,0.2328901721730687,0.5045206056433844,0.48066931546357144,0.36231554491598683,0.5,0.15342253131646563,0.0008293890319052081
5.056,CIRCLE,0.39974711068298635,0.23490532314054632,0.5044967289925548,0.48135531777770013,0.36473338162307245,0.5,0.15341266181834015,0.0008306040269940347
5.064,CIRCLE,0.4010773345299365,0.2369270382927009,0.5044731131825614,0.48202915810383523,0.367154635994673,0.5,0.15340284770730406,0.0008318053855300143
5.072,CIRCLE,0.40239750169972793,0.2389552692693748,0.5044497572438363,0.4826908194166368,0.36957924685505084,0.5,0.15339309218416824,0.0008329931868974317
5.08,CIRCLE,0.40370757395889306,0.24098996749372886,0.5044266601601551,0.4833402849984813,0.37200715294366293,0.5,0.15338339828974476,0.0008341675286645708
5.088,CIRCLE,0.4050075134820886,0.24303108417431152,0.5044038208702043,0.48397753843988434,0.3744382929167086,0.5,0.15337376890967913,0.000835328497311052
5.096,CIRCLE,0.40629728284927613,0.2450785703071339,0.5043812382691184,0.48460256363991505,0.3768726053486793,0.5,0.15336420677916893,0.0008364761833010213
5.104,CIRCLE,0.4075768450429394,0.24713237667777146,0.5043589112099857,0.4852153448066029,0.37931002873391073,0.5,0.1533547144875655,0.0008376106747906288
5.112,CIRCLE,0.40884616344533026,0.24919245386349398,0.5043368385053231,0.4858158664573368,0.38175050148813694,0.5,0.15334529448285936,0.0008387320600772252
5.12,CIRCLE,0.41010520183576316,0.25125875223540617,0.5043150189285215,0.48640411341925616,0.38419396195004607,0.5,0.1533359490760548,0.0008398404259824936
5.128,CIRCLE,0.4113539243879724,0.253331221960585,0.5042934512152623,0.48698007082963446,0.3866403483828385,0.5,0.1533266804454395,0.0008409358582197352
5.136,CIRCLE,0.4125922956675423,0.255409813004205,0.5042721340649047,0.48754372413625446,0.38908959897578665,0.5,0.15331749064075134,0.0008420184411087971
5.144,CIRCLE,0.41382028062941145,0.25749447513164914,0.504251066141847,0.4880950590977762,0.39154165184579665,0.5,0.15330838158724688,0.0008430882577525996
5.152,CIRCLE,0.4150378446154493,0.2595851579106059,0.5042302460768587,0.4886340617840966,0.39399644503897197,0.5,0.15329935508967266,0.0008441453900864136
5.16,CIRCLE,0.41624495335210093,0.26168181071315555,0.5042096724683867,0.4891607185767015,0.39645391653217865,0.5,0.15329041283613964,0.0008451899189928615
5.168,CIRCLE,0.4174415729480964,0.2637843827178467,0.5041893438838342,0.4896750161690099,0.39891400423461254,0.5,0.15328155640190483,0.0008462219243558253
5.176,CIRCLE,0.4186276698922223,0.2658928229117646,0.5041692588608139,0.4901769415667097,0.40137664598936784,0.5,0.15327278725305868,0.0008472414851174887
5.184,CIRCLE,0.41980321105115315,0.2680070800925912,0.504149415908374,0.4906664820880866,0.4038417795750079,0.5,0.1532641067501227,0.0008482486793151357
5.192,CIRCLE,0.42096816366734263,0.2701271028706579,0.5041298135082,0.4911436253643442,0.406309342707137,0.5,0.15325551615155703,0.0008492435841088225
5.2,CIRCLE,0.4221224953569718,0.27225283967098907,0.5041104501157898,0.4916083593399164,0.4087792730399742,0.5,0.15324701661718118,0.0008502262758261069
5.208,CIRCLE,0.4232661741079549,0.2743842387353388,0.5040913241616056,0.49206067227277245,0.41125150816792855,0.5,0.1532386092115089,0.0008511968299879161
5.216,CIRCLE,0.42439916827800045,0.2765212481242184,0.5040724340521998,0.49250055273471294,0.413725985627176,0.5,0.1532302949069993,0.0008521553213596795
5.224,CIRCLE,0.4255214465927266,0.2786638157189168,0.5040537781713172,0.49292798961165923,0.41620264289723713,0.5,0.15322207458722562,0.0008531018239723386
5.232,CIRCLE,0.42663297814382983,0.28081188922351247,0.5040353548809743,0.4933429721039339,0.4186814174025575,0.5,0.15321394904996416,0.0008540364111764056
5.24,CIRCLE,0.4277337323873048,0.2829654161668785,0.5040171625225136,0.49374548972653365,0.42116224651408796,0.5,0.1532059190102031,0.000854959155671638
5.248,CIRCLE,0.42882367914171504,0.2851243439046796,0.5039991994176365,0.4941355323093943,0.42364506755086767,0.5,0.15319798510307542,0.0008558701295381192
5.256,CIRCLE,0.4299027885865129,0.2872886196213622,0.503981463869412,0.49451308999764754,0.4261298177816074,0.5,0.1531901478867149,0.0008567694042822753
5.264,CIRCLE,0.4309710312604069,0.2894581903321372,0.5039639541632641,0.49487815325187035,0.4286164344262748,0.5,0.15318240784503886,0.0008576570508589466
5.272,CIRCLE,0.43202837805977684,0.2916330028849558,0.5039466685679366,0.4952307128483255,0.4311048546576802,0.5,0.15317476539045763,0.0008585331397121563
5.28,CIRCLE,0.43307480023713374,0.29381300396247834,0.5039296053364362,0.495570759879195,0.43359501560306457,0.5,0.15316722086651335,0.0008593977408026091
5.288,CIRCLE,0.4341102693996249,0.2959981400840364,0.5039127627069546,0.495898285752805,0.43608685434568745,0.5,0.1531597745504488,0.0008602509236441758
5.296,CIRCLE,0.4351347575075821,0.2981883576075884,0.5038961389037693,0.4962132821938428,0.4385803079264172,0.5,0.15315242665570836,0.0008610927573311101
5.304,CIRCLE,0.4361482368731126,0.30038360273166825,0.5038797321381233,0.4965157412435661,0.44107531334532135,0.5,0.15314517733437188,0.0008619233105697473
5.312,CIRCLE,0.4371506801587309,0.30258382149732826,0.5038635406090856,0.49680565526000414,0.4435718075632584,0.5,0.15313802667952367,0.0008627426517072383
5.32,CIRCLE,0.43814206037603104,0.30478895979007503,0.50384756250439,0.4970830169181503,0.44606972750347085,0.5,0.15313097472755696,0.0008635508487629715
5.328,CIRCLE,0.43912235088439855,0.3069989633417996,0.5038317960012557,0.49734781921014787,0.4485690100531785,0.5,0.15312402146041648,0.0008643479694520485
5.336,CIRCLE,0.4400915253897598,0.3092137777327015,0.5038162392671872,0.49760005544546665,0.4510695920651735,0.5,0.15311716680777937,0.0008651340812198505
5.344,CIRCLE,0.44104955794336953,0.31143334839320663,0.503800890460756,0.497839719251072,0.45357141035941534,0.5,0.15311041064917605,0.0008659092512606183
5.352,CIRCLE,0.4419964229406338,0.3136576206058797,0.5037857477323631,0.49806680457158614,0.45607440172462765,0.5,0.15310375281605312,0.0008666735465504134
5.36,CIRCLE,0.44293209511996917,0.3158865395073306,0.5037708092249824,0.49828130566944095,0.45857850291989505,0.5,0.1530971930937782,0.000867427033869258
5.368,CIRCLE,0.4438565495616957,0.3181200500901152,0.5037560730748876,0.4984832171250229,0.461083650676261,0.5,0.1530907312235891,0.0008681697798289514
5.376,CIRCLE,0.44476976168696364,0.32035809720463065,0.5037415374123587,0.49867253383681004,0.4635897816983264,0.5,0.1530843669044881,0.0008689018508945007
5.384,CIRCLE,0.445671707256713,0.3226006255610055,0.5037272003623733,0.498849251021501,0.46609683266584884,0.5,0.15307809979508274,0.0008696233134064748
5.392,CIRCLE,0.4465623623706644,0.324847579730984,0.5037130600452786,0.4990133642141357,0.46860474023534254,0.5,0.15307192951537385,0.0008703342336097532
5.4,CIRCLE,0.44744170346634127,0.3270989041498056,0.5036991145774481,0.49916486926820824,0.47111344104167857,0.5,0.15306585564849254,0.0008710346776710351
5.408,CIRCLE,0.448309707318122,0.3293545431180791,0.5036853620719197,0.4993037623557715,0.473622871699686,0.5,0.15305987774238702,0.0008717247117027586
5.416,CIRCLE,0.4491663510363211,0.33161444080365193,0.503671800639019,0.49943003996753427,0.4761329688057534,0.5,0.15305399531146074,0.0008724044017843275
5.424,CIRCLE,0.45001161206629925,0.3338785412434743,0.503658428386965,0.4995436989129493,0.4786436689394308,0.5,0.15304820783816195,0.0008730738139809161
5.432,CIRCLE,0.45084546818760063,0.33614678834545875,0.503645243422461,0.4996447363202946,0.48115490866503197,0.5,0.1530425147745272,0.00087373301436712
5.44,CIRCLE,0.45166789751311714,0.33841912589033446,0.5036322438512691,0.49973314963674537,0.48366662453323733,0.5,0.15303691554367888,0.0008743820690449108
5.448,CIRCLE,0.45247887848827906,0.3406954975334975,0.5036194277787696,0.499808936628439,0.4861787530826971,0.5,0.15303140954127806,0.0008750210441581796
5.456,CIRCLE,0.45327838989027075,0.34297584680685594,0.5036067933105047,0.4998720953805311,0.48869123084163435,0.5,0.15302599613693346,0.0008756500059203554
5.464,CIRCLE,0.4540664108272711,0.3452601171206709,0.5035943385527087,0.49992262429724427,0.4912039943294494,0.5,0.15302067467556876,0.0008762690206240228
5.472,CIRCLE,0.4548429207377181,0.3475482517653926,0.5035820616128219,0.49996052210190806,0.49371698005832293,0.5,0.15301544447874696,0.0008768781546614682
5.48,CIRCLE,0.4556078993895963,0.3498401939134927,0.5035699605999912,0.49998578783699144,0.49623012453482074,0.5,0.15301030484595532,0.0008774774745420401
5.488,CIRCLE,0.4563613268797471,0.35213588662129186,0.5035580336255562,0.49999842086412705,0.4987433642614974,0.5,0.1530052550558495,0.0008780670469105889
5.496,CIRCLE,0.4571031836332009,0.35443527283078335,0.5035462788035219,0.49999842086412705,0.5012566357385011,0.5,0.15300029436746027,0.0008786469385538578
5.5040000000000004,CIRCLE,0.45783345040253026,0.3567382953714525,0.5035346942510169,0.4999857878369915,0.5037698754651778,0.5,0.15299542202136118,0.000879217216428443
5.5120000000000005,CIRCLE,0.4585521082672238,0.3590448969620919,0.5035232780887394,0.49996052210190806,0.5062830199416756,0.5,0.1529906372408,0.0008797779476655735
5.5200000000000005,CIRCLE,0.4592591386330801,0.3613550202126129,0.5035120284413888,0.49992262429724427,0.5087960056705492,0.5,0.15298593923279413,0.000880329199591008
5.5280000000000005,CIRCLE,0.4599545232316207,0.36366860762585296,0.5035009434380853,0.4998720953805311,0.5113087691583642,0.5,0.1529813271891905,0.0008808710397363658
5.5360000000000005,CIRCLE,0.4606382441195222,0.36598560159937926,0.5034900212127765,0.49980893662843906,0.5138212469173015,0.5,0.15297680028769148,0.000881403535853224
5.5440000000000005,CIRCLE,0.4613102836780659,0.3683059444272884,0.503479259904632,0.4997331496367454,0.5163333754667612,0.5,0.15297235769284753,0.0008819267559267031
5.5520000000000005,CIRCLE,0.4619706246126058,0.3706295783020026,0.503468657658425,0.49964473632029466,0.5188450913349666,0.5,0.15296799855701676,0.000882440768184853
5.5600000000000005,CIRCLE,0.46261924995205256,0.372956445316062,0.5034582126249022,0.49954369891294936,0.5213563310605678,0.5,0.15296372202129263,0.0008829456411145438
5.5680000000000005,CIRCLE,0.46325614304837476,0.3752864874639134,0.503447922961143,0.4994300399675343,0.5238670311942452,0.5,0.15295952721640121,0.0008834414434686047
5.5760000000000005,CIRCLE,0.46388128757611563,0.37761964664369574,0.5034377868309053,0.4993037623557716,0.5263771283003125,0.5,0.15295541326356768,0.0008839282442821673
5.5840000000000005,CIRCLE,0.4644946675319252,0.3799558646590215,0.5034278024049617,0.4991648692682083,0.5288865589583199,0.5,0.15295137927535374,0.0008844061128767255
5.5920000000000005,CIRCLE,0.4650962672341071,0.3822950832207553,0.5034179678614232,0.49901336421413583,0.531395259764656,0.5,0.15294742435646552,0.0008848751188756342
5.6000000000000005,CIRCLE,0.4656860713221799,0.38463724394878873,0.5034082813860534,0.4988492510215011,0.5339031673341497,0.5,0.15294354760453424,0.0008853353322110024
5.6080000000000005,CIRCLE,0.4662640647564521,0.38698228837381193,0.5033987411725707,0.49867253383681015,0.5364102183016721,0.5,0.1529397481108693,0.0008857868231347267
5.6160000000000005,CIRCLE,0.4668302328176105,0.3893301579390821,0.5033893454229408,0.498483217125023,0.5389163493237376,0.5,0.15293602496118464,0.0008862296622260317
5.6240000000000006,CIRCLE,0.4673845611063212,0.39168079400218847,0.503380092347659,0.49828130566944107,0.5414214970801035,0.5,0.15293237723629904,0.0008866639204007496
5.632,CIRCLE,0.4679270355428432,0.39403413783681424,0.503370980166022,0.4980668045715863,0.5439255982753706,0.5,0.15292880401281178,0.0008870896689170374
5.64,CIRCLE,0.4684576423666537,0.3963901306344955,0.5033620071063899,0.4978397192510722,0.5464285896405829,0.5,0.15292530436375357,0.0008875069793840019
5.648,CIRCLE,0.46897636813608495,0.39874871350637686,0.5033531714064386,0.4976000554454668,0.5489304079348248,0.5,0.15292187735921223,0.0008879159237754478
5.656,CIRCLE,0.46948319972797203,0.4011098274849643,0.5033444713134033,0.4973478192101481,0.5514309899468197,0.5,0.15291852206693657,0.0008883165744264125
5.664,CIRCLE,0.46997812433731123,0.40347341352587496,0.5033359050843113,0.4970830169181505,0.5539302724965274,0.5,0.15291523755291742,0.0008887090040437725
5.672,CIRCLE,0.47046112947692836,0.40583941250958344,0.5033274709862071,0.4968056552600043,0.5564281924367398,0.5,0.15291202288194586,0.0008890932857168417
5.68,CIRCLE,0.47093220297715715,0.40820776524316615,0.503319167296368,0.49651574124356634,0.558924686654677,0.5,0.15290887711815043,0.0008894694929159751
5.688,CIRCLE,0.47139133298552655,0.41057841246204196,0.5033109923025109,0.49621328219384303,0.5614196920735811,0.5,0.15290579932551304,0.000889837699501703
5.696,CIRCLE,0.4718385079664572,0.4129512948317106,0.5033029443029903,0.4958982857528052,0.5639131456543108,0.5,0.15290278856836492,0.0008901979797317766
5.704,CIRCLE,0.47227371670096646,0.41532635294948783,0.5032950216069889,0.49557075987919524,0.5664049843969338,0.5,0.1528998439118627,0.0008905504082614204
5.712,CIRCLE,0.47269694828638126,0.41770352734623817,0.5032872225346988,0.49523071284832576,0.568895145342318,0.5,0.15289696442244466,0.0008908950601503221
5.72,CIRCLE,0.47310819213605904,0.42008275848810467,0.5032795454174954,0.4948781532518706,0.5713835655737235,0.5,0.15289414916826938,0.0008912320108639528
5.728,CIRCLE,0.473507437979116,0.4224639867782362,0.5032719885981032,0.4945130899976478,0.5738701822183908,0.5,0.1528913972196345,0.000891561336285196
5.736,CIRCLE,0.47389467586016226,0.42484715255851196,0.5032645504307537,0.49413553230939455,0.5763549324491306,0.5,0.15288870764937976,0.0008918831127061233
5.744,CIRCLE,0.4742698961390439,0.42723219611126323,0.5032572292813364,0.4937454897265339,0.5788377534859104,0.5,0.15288607953327113,0.0008921974168392457
5.752,CIRCLE,0.4746330894905912,0.4296190576609928,0.5032500235275419,0.4933429721039342,0.5813185825974408,0.5,0.1528835119503692,0.0008925043258190781
5.76,CIRCLE,0.47498424690437285,0.43200767737609175,0.5032429315589976,0.4929279896116595,0.5837973571027611,0.5,0.15288100398338086,0.0008928039172018987
5.768,CIRCLE,0.4753233596844562,0.4343979953705536,0.503235951777397,0.4925005527347132,0.5862740143728223,0.5,0.15287855471899556,0.00089309626897052
5.776,CIRCLE,0.4756504194491724,0.43678995170568596,0.5032290825966216,0.4920606722727727,0.5887484918320697,0.5,0.15287616324820577,0.0008933814595334693
5.784,CIRCLE,0.4759654181308869,0.4391834863918197,0.5032223224428563,0.49160835933991676,0.5912207269600241,0.5,0.1528738286666131,0.000893659567731856
5.792,CIRCLE,0.4762683479757745,0.4415785393900158,0.5032156697546979,0.4911436253643445,0.5936906572928613,0.5,0.15287155007471911,0.000893930672831884
5.8,CIRCLE,0.47655920154359915,0.4439750506137696,0.5032091229832576,0.49066648208808694,0.5961582204249904,0.5,0.1528693265782035,0.0008941948545367474
5.808,CIRCLE,0.47683797170749753,0.4463729599307126,0.503202680592257,0.49017694156671004,0.5986233540106305,0.5,0.152867157288187,0.0008944521929764797
5.816,CIRCLE,0.4771046516537667,0.4487722071643121,0.5031963410581177,0.4896750161690102,0.6010859957653858,0.5,0.15286504132148224,0.0008947027687163968
5.824,CIRCLE,0.47735923488165527,0.45117273209556824,0.5031901028700452,0.4891607185767019,0.6035460834678197,0.5,0.15286297780083155,0.0008949466627542211
5.832,CIRCLE,0.4776017152031579,0.4535744744647087,0.5031839645301067,0.48863406178409696,0.6060035549610263,0.5,0.1528609658551319,0.00089518395651951
5.84,CIRCLE,0.47783208674281297,0.45597737397288124,0.5031779245533038,0.48809505909777656,0.6084583481542016,0.5,0.15285900461964855,0.0008954147318736642
5.848,CIRCLE,0.4780503439375027,0.4583813702838437,0.5031719814676383,0.48754372413625485,0.6109104010242117,0.5,0.152857093236216,0.0008956390711119684
5.856,CIRCLE,0.478256481536256,0.4607864030256519,0.5031661338141741,0.48698007082963485,0.6133596516171598,0.5,0.15285523085342836,0.000895857056957185
5.864,CIRCLE,0.4784504946000538,0.4631924117923452,0.5031603801470922,0.4864041134192566,0.6158060380499523,0.5,0.1528534166268189,0.0008960687725651066
5.872,CIRCLE,0.47863237850163587,0.46559933614562976,0.5031547190337421,0.4858158664573372,0.6182494985118614,0.5,0.15285164971902804,0.0008962743015188716
5.88,CIRCLE,0.47880212892530993,0.46800711561655933,0.5031491490546867,0.48521534480660333,0.6206899712660875,0.5,0.1528499292999619,0.00089647372782533
5.888,CIRCLE,0.47895974186676193,0.4704156897072143,0.503143668803743,0.4846025636399155,0.6231273946513189,0.5,0.152848254546941,0.0008966671359223854
5.896,CIRCLE,0.479105213632868,0.47282499789237803,0.503138276888018,0.4839775384398848,0.6255617070832897,0.5,0.15284662464483822,0.0008968546106665182
5.904,CIRCLE,0.4792385408415072,0.4752349796212113,0.5031329719279396,0.48334028499848175,0.6279928470563354,0.5,0.15284503878620817,0.0008970362373368262
5.912,CIRCLE,0.47935972042137526,0.47764557431892446,0.5031277525572828,0.4826908194166372,0.6304207531449475,0.5,0.15284349617140777,0.000897212101630436
5.92,CIRCLE,0.479468749611799,0.4800567213884472,0.5031226174231919,0.4820291581038357,0.6328453640053253,0.5,0.1528419960087077,0.000897382289660011
5.928,CIRCLE,0.4795656259625513,0.4824683602120963,0.503117565186198,0.4813553177777006,0.6352666183769259,0.5,0.1528405375143954,0.0008975468879533715
5.936,CIRCLE,0.479650347333666,0.48488043015324145,0.5031125945202324,0.48066931546357194,0.6376844550840115,0.5,0.1528391199128696,0.0008977059834458716
5.944,CIRCLE,0.4797229118952531,0.4872928705579682,0.5031077041126356,0.4799711684940762,0.6400988130371958,0.5,0.1528377424367279,0.0008978596634812122
5.952,CIRCLE,0.47978331812731384,0.4897056207567395,0.5031028926641627,0.47926089450868825,0.642509631234987,0.5,0.1528364043268455,0.000898008015804623
5.96,CIRCLE,0.4798315648195552,0.4921186200660547,0.5030981588889847,0.47853851145328585,0.6449168487653295,0.5,0.15283510483244778,0.000898151128561579
5.968,CIRCLE,0.47986765107120427,0.4945318077901064,0.5030935015146855,0.4778040375796962,0.6473204048071424,0.5,0.1528338432111746,0.0008982890902956108
5.976,CIRCLE,0.47989157629082146,0.4969451232224353,0.5030889192822562,0.47705749144523457,0.6497202386318561,0.5,0.15283261872913825,0.0008984219899381504
5.984,CIRCLE,0.47990334019611325,0.4993585056475826,0.5030844109460849,0.4762988919122357,0.652116289604948,0.5,0.15283143066097565,0.0008985499168114443
5.992,CIRCLE,0.4799029428137434,0.5017718943427409,0.5030799752739435,0.4755282581475771,0.6545084971874727,0.5,0.15283027828989196,0.0008986729606199026
6.0,CIRCLE,0.47989038447914356,0.5041852285794022,0.503075611046971,0.4747456096221948,0.6568968009375927,0.5,0.1528291609077005,0.0008987912114434581
6.008,CIRCLE,0.4798656658363218,0.506598447625004,0.5030713170596528,0.4739509661105914,0.6592811405121054,0.5,0.15282807781485513,0.0008989047597450428
6.016,CIRCLE,0.4798287878376701,0.5090114907445737,0.5030670921197984,0.4731443476903363,0.6616614556679672,0.5,0.15282702832047695,0.000899013696346114
6.024,CIRCLE,0.47977975174376997,0.5114242972023707,0.5030629350485143,0.47232577474155873,0.6640376862638165,0.5,0.15282601174237698,0.0008991181124392224
6.032,CIRCLE,0.47971855912319616,0.5138368062635255,0.5030588446801747,0.4714952679464326,0.6664097722614923,0.5,0.1528250274070711,0.00089921809957161
6.04,CIRCLE,0.4796452118523184,0.5162489571956778,0.5030548198623892,0.47065284828865384,0.6687776537275519,0.5,0.15282407464979245,0.0008993137496465706
6.048,CIRCLE,0.4795597121151009,0.5186606892706122,0.5030508594559676,0.46979853705291047,0.6711412708347846,0.5,0.1528231528144968,0.0008994051549156298
6.056,CIRCLE,0.4794620624028996,0.5210719417658912,0.5030469623348818,0.4689323558243448,0.6735005638637238,0.5,0.1528222612538648,0.000899492407971035
6.064,CIRCLE,0.4793522655142572,0.523482653966487,0.5030431273862251,0.46805432648800777,0.6758554732041554,0.5,0.1528213993292982,0.0008995756017438504
6.072,CIRCLE,0.47923032455469505,0.5258927651664096,0.5030393535101693,0.4671644712283064,0.6782059393566244,0.5,0.15282056641091352,0.0008996548294931126
6.08,CIRCLE,0.47909624293650294,0.528302214670335,0.5030356396199185,0.4662628125284429,0.6805519029339377,0.5,0.1528197618775293,0.0008997301848052339
6.088,CIRCLE,0.4789500243785257,0.530710941795229,0.5030319846416612,0.465349373169847,0.6828933046626653,0.5,0.1528189851166518,0.0008998017615825504
6.096,CIRCLE,0.4787916729059469,0.5331188858719706,0.5030283875145196,0.4644241762315998,0.685230085384637,0.5,0.1528182355244546,0.0008998696540409993
6.104,CIRCLE,0.47862119285006943,0.5355259862469719,0.503024847190497,0.46348724508985134,0.6875621860584379,0.5,0.15281751250575595,0.0008999339567021176
6.112,CIRCLE,0.47843858884809304,0.5379321822837966,0.5030213626344227,0.4625386034172294,0.6898895477608996,0.5,0.15281681547399234,0.0008999947643857625
