t,mode,px,py,pz,vx,vy,vz,roll,pitch,yaw,ref_px,ref_py,ref_pz,u_thrust,u_roll,u_pitch,u_yaw,m1,m2,m3,m4,pos_error,solve_time_ms
0.128,HOVER,-0.257929,-0.030398,0.000077,0.000000,0.000000,0.000000,-0.541000,1.229567,-0.674612,0.000,0.000,0.500,0,0,0,0,0,0,0,0,0.563360,0
0.228,HOVER,-0.257931,-0.031207,0.000121,-0.000025,-0.008113,0.000449,-0.507503,1.236806,-0.667155,0.000,0.000,0.500,0,0,0,0,0,0,0,0,0.563366,0
0.326,HOVER,-0.256922,-0.029618,0.000112,0.010332,0.016263,-0.000094,-0.590207,1.195280,-0.669163,0.000,0.000,0.500,0,0,0,0,0,0,0,0,0.562827,0
0.425,HOVER,-0.256939,-0.031221,0.000164,-0.000176,-0.016187,0.000528,-0.512026,1.194794,-0.659890,0.000,0.000,0.500,0,0,0,0,0,0,0,0,0.562875,0
0.528,HOVER,-0.257425,-0.021286,0.000278,-0.004685,0.095916,0.001098,-0.859215,1.224434,-0.676271,0.000,0.000,0.500,0,0,0,0,0,0,0,0,0.562532,0
0.626,HOVER,-0.257625,-0.020628,0.000409,-0.002053,0.006734,0.001340,-0.736578,1.232043,-0.666763,0.000,0.000,0.500,0,0,0,0,0,0,0,0,0.562483,0
0.725,HOVER,-0.256935,-0.022204,0.000245,0.007006,-0.015999,-0.001668,-0.572424,1.200207,-0.655209,0.000,0.000,0.500,0,0,0,0,0,0,0,0,0.562374,0
0.823,HOVER,-0.258239,-0.021027,0.000206,-0.013185,0.011903,-0.000392,-0.568001,1.248927,-0.651122,0.000,0.000,0.500,0,0,0,0,0,0,0,0,0.562960,0
0.927,HOVER,-0.257995,-0.021011,0.000154,0.002351,0.000158,-0.000499,-0.538133,1.240747,-0.642218,0.000,0.000,0.500,0,0,0,0,0,0,0,0,0.562893,0
1.023,HOVER,-0.257134,-0.022077,0.000096,0.009020,-0.011177,-0.000605,-0.468836,1.200324,-0.630443,0.000,0.000,0.500,0,0,0,0,0,0,0,0,0.562591,0
1.125,HOVER,-0.257334,-0.021447,0.000067,-0.001951,0.006152,-0.000284,-0.491064,1.209594,-0.624214,0.000,0.000,0.500,0,0,0,0,0,0,0,0,0.562684,0
1.228,HOVER,-0.258133,-0.020225,0.000108,-0.007769,0.011888,0.000396,-0.536993,1.247367,-0.617439,0.000,0.000,0.500,0,0,0,0,0,0,0,0,0.562968,0
1.327,HOVER,-0.257335,-0.021030,0.000113,0.008053,-0.008131,0.000055,-0.500845,1.218289,-0.610412,0.000,0.000,0.500,0,0,0,0,0,0,0,0,0.562628,0
1.424,HOVER,-0.256148,-0.020229,0.000052,0.012271,0.008283,-0.000634,-0.537512,1.173396,-0.612795,0.000,0.000,0.500,0,0,0,0,0,0,0,0,0.562111,0
1.528,HOVER,0.003278,-0.000883,0.000000,2.495571,0.186096,-0.000500,0.445747,-0.752478,0.006131,0.000,0.000,0.500,0,0,0,0,0,0,0,0,0.500011,0
1.626,HOVER,0.005713,-0.002044,0.000300,0.024766,-0.011815,0.003049,0.046921,0.435797,0.006230,0.000,0.000,0.500,0,0,0,0,0,0,0,0,0.499737,0
1.725,HOVER,0.005895,-0.001214,0.000227,0.001847,0.008411,-0.000742,-0.445092,1.123794,0.013270,0.000,0.000,0.500,0,0,0,0,0,0,0,0,0.499810,0
1.822,HOVER,0.001359,0.006682,0.000129,-0.046554,0.081040,-0.001000,-1.292767,1.803306,0.034638,0.000,0.000,0.500,0,0,0,0,0,0,0,0,0.499917,0
1.925,HOVER,0.003249,0.005094,0.000239,0.018313,-0.015390,0.001065,-0.736065,1.479871,0.011171,0.000,0.000,0.500,0,0,0,0,0,0,0,0,0.499797,0
2.023,HOVER,0.003358,0.004854,0.000203,0.001121,-0.002465,-0.000374,-0.577511,1.402402,0.004930,0.000,0.000,0.500,0,0,0,0,0,0,0,0,0.499832,0
2.127,HOVER,0.003620,0.007333,0.000237,0.002524,0.023852,0.000334,-0.713159,1.358098,0.013876,0.000,0.000,0.500,0,0,0,0,0,0,0,0,0.499830,0
2.227,HOVER,0.002514,0.006543,0.000194,-0.011051,-0.007889,-0.000432,-0.590773,1.392681,0.004596,0.000,0.000,0.500,0,0,0,0,0,0,0,0,0.499855,0
2.326,HOVER,0.000795,0.009785,0.000161,-0.017442,0.032898,-0.000336,-0.710646,1.443928,0.009771,0.000,0.000,0.500,0,0,0,0,0,0,0,0,0.499935,0
2.423,HOVER,0.001259,0.009698,0.000265,0.004754,-0.000895,0.001064,-0.622935,1.369667,0.004026,0.000,0.000,0.500,0,0,0,0,0,0,0,0,0.499831,0
2.527,HOVER,-0.000553,0.009754,0.000160,-0.017474,0.000540,-0.001009,-0.582584,1.438292,0.000753,0.000,0.000,0.500,0,0,0,0,0,0,0,0,0.499935,0
2.626,HOVER,0.001696,0.009494,0.000117,0.022774,-0.002629,-0.000438,-0.537336,1.299079,-0.006009,0.000,0.000,0.500,0,0,0,0,0,0,0,0,0.499976,0
2.726,HOVER,0.001908,0.008648,0.000131,0.002106,-0.008437,0.000140,-0.493288,1.273406,-0.008396,0.000,0.000,0.500,0,0,0,0,0,0,0,0,0.499947,0
2.824,HOVER,0.001073,0.008652,0.000190,-0.008522,0.000045,0.000606,-0.494624,1.292690,-0.010902,0.000,0.000,0.500,0,0,0,0,0,0,0,0,0.499886,0
2.923,HOVER,0.001881,0.009480,0.000118,0.008121,0.008315,-0.000733,-0.537214,1.247785,-0.014167,0.000,0.000,0.500,0,0,0,0,0,0,0,0,0.499976,0
3.022,HOVER,0.001279,0.010720,0.000088,-0.006084,0.012533,-0.000294,-0.560802,1.269162,-0.015144,0.000,0.000,0.500,0,0,0,0,0,0,0,0,0.500028,0
3.126,HOVER,0.001884,0.007899,0.000109,0.005830,-0.027213,0.000193,-0.430978,1.233865,-0.016812,0.000,0.000,0.500,0,0,0,0,0,0,0,0,0.499957,0
3.224,HOVER,0.002081,0.008282,0.000181,0.002009,0.003902,0.000742,-0.478526,1.229734,-0.017172,0.000,0.000,0.500,0,0,0,0,0,0,0,0,0.499892,0
3.323,HOVER,0.001493,0.008191,0.000161,-0.005962,-0.000922,-0.000205,-0.504001,1.260510,-0.017999,0.000,0.000,0.500,0,0,0,0,0,0,0,0,0.499908,0
3.425,HOVER,-0.005734,0.000371,0.000290,-0.070985,-0.076814,0.001264,-0.246170,1.486800,-0.019616,0.000,0.000,0.500,0,0,0,0,0,0,0,0,0.499743,0
3.527,HOVER,-0.005549,0.000468,0.000458,0.001810,0.000950,0.001645,-0.412401,1.359938,-0.020809,0.000,0.000,0.500,0,0,0,0,0,0,0,0,0.499573,0
3.624,HOVER,-0.005693,0.001211,0.000242,-0.001476,0.007656,-0.002229,-0.539713,1.288043,-0.027466,0.000,0.000,0.500,0,0,0,0,0,0,0,0,0.499792,0
3.723,HOVER,-0.004276,-0.001093,0.000306,0.014211,-0.023113,0.000648,-0.479521,1.133542,0.052403,0.000,0.000,0.500,0,0,0,0,0,0,0,0,0.499713,0
3.826,HOVER,-0.003507,-0.008198,0.000284,0.007530,-0.069576,-0.000216,-0.305721,1.023701,-0.666353,0.000,0.000,0.500,0,0,0,0,0,0,0,0,0.499795,0
3.924,HOVER,-0.001327,-0.006080,0.000674,0.022119,0.021494,0.003956,-0.518106,0.846116,-1.164095,0.000,0.000,0.500,0,0,0,0,0,0,0,0,0.499365,0
4.023,HOVER,-0.002670,-0.005241,0.000421,-0.013644,0.008529,-0.002575,-0.653091,1.151532,-1.504630,0.000,0.000,0.500,0,0,0,0,0,0,0,0,0.499614,0
4.121,HOVER,-0.001746,-0.007975,0.000907,0.009381,-0.027731,0.004934,0.690707,1.292948,-1.459159,0.000,0.000,0.500,0,0,0,0,0,0,0,0,0.499160,0
4.224,HOVER,0.004619,-0.003060,0.003528,0.061731,0.047666,0.025421,-0.887138,0.909535,-1.382451,0.000,0.000,0.500,0,0,0,0,0,0,0,0,0.496503,0
4.321,HOVER,-0.000198,0.001142,0.006651,-0.049674,0.043326,0.032199,-0.649538,0.630859,-1.263064,0.000,0.000,0.500,0,0,0,0,0,0,0,0,0.493351,0
4.439,HOVER,-0.016860,0.002461,0.011738,-0.141954,0.011234,0.043343,-0.010330,-0.038145,-1.070220,0.000,0.000,0.500,0,0,0,0,0,0,0,0,0.488559,0
4.525,HOVER,-0.011195,-0.000251,0.031699,0.065344,-0.031273,0.230239,0.447766,-1.766917,-1.398066,0.000,0.000,0.500,0,0,0,0,0,0,0,0,0.468435,0
4.626,HOVER,-0.001589,0.008283,0.058081,0.094960,0.084367,0.260807,0.221656,-1.999246,-2.073858,0.000,0.000,0.500,0,0,0,0,0,0,0,0,0.442000,0
4.724,HOVER,-0.004241,0.002289,0.079415,-0.027158,-0.061380,0.218469,0.571329,-0.221346,-2.273300,0.000,0.000,0.500,0,0,0,0,0,0,0,0,0.420612,0
4.824,HOVER,-0.005687,-0.001385,0.090359,-0.014397,-0.036586,0.108969,-0.316797,-0.138055,-2.431170,0.000,0.000,0.500,0,0,0,0,0,0,0,0,0.409683,0
4.921,HOVER,-0.006367,-0.004556,0.100855,-0.007009,-0.032704,0.108241,-0.425333,0.317577,-2.700903,0.000,0.000,0.500,0,0,0,0,0,0,0,0,0.399222,0
5.024,HOVER,-0.009545,-0.006824,0.116279,-0.030916,-0.022065,0.150045,-0.738944,-0.017682,-2.905581,0.000,0.000,0.500,0,0,0,0,0,0,0,0,0.383900,0
5.128,HOVER,-0.013777,-0.011343,0.129137,-0.040631,-0.043382,0.123444,-0.185965,-0.132232,-3.012232,0.000,0.000,0.500,0,0,0,0,0,0,0,0,0.371293,0
5.225,HOVER,-0.015049,-0.020198,0.144762,-0.013187,-0.091789,0.161966,-0.233210,-0.303157,-2.965052,0.000,0.000,0.500,0,0,0,0,0,0,0,0,0.356130,0
5.322,HOVER,-0.016662,-0.018890,0.166424,-0.016644,0.013496,0.223510,-0.760914,-0.534965,-2.813985,0.000,0.000,0.500,0,0,0,0,0,0,0,0,0.334526,0
5.422,HOVER,-0.014936,-0.015334,0.192855,0.017211,0.035469,0.263591,-0.480965,-0.479801,-2.550442,0.000,0.000,0.500,0,0,0,0,0,0,0,0,0.307890,0
5.525,HOVER,-0.018225,-0.024127,0.222076,-0.032078,-0.085754,0.284986,0.005355,-0.246712,-2.257945,0.000,0.000,0.500,0,0,0,0,0,0,0,0,0.279564,0
5.623,HOVER,-0.016074,-0.022871,0.250216,0.021872,0.012770,0.286132,-0.233901,-0.275471,-2.004702,0.000,0.000,0.500,0,0,0,0,0,0,0,0,0.251343,0
5.725,HOVER,-0.014252,-0.016209,0.279533,0.017942,0.065590,0.288663,-0.076575,-0.093644,-1.707641,0.000,0.000,0.500,0,0,0,0,0,0,0,0,0.221521,0
5.824,HOVER,-0.012546,-0.011995,0.301324,0.017123,0.042304,0.218724,0.259201,0.059325,-1.387391,0.000,0.000,0.500,0,0,0,0,0,0,0,0,0.199433,0
5.925,HOVER,-0.009191,-0.004874,0.329328,0.033320,0.070718,0.278104,0.420638,0.034457,-1.090525,0.000,0.000,0.500,0,0,0,0,0,0,0,0,0.170988,0
6.025,HOVER,-0.006260,0.000590,0.361119,0.029143,0.054326,0.316110,0.653167,0.152093,-0.842151,0.000,0.000,0.500,0,0,0,0,0,0,0,0,0.139023,0
6.121,HOVER,-0.003258,0.006593,0.389444,0.031420,0.062820,0.296396,0.661870,0.129055,-0.565070,0.000,0.000,0.500,0,0,0,0,0,0,0,0,0.110801,0
6.223,HOVER,-0.001385,0.006247,0.421984,0.018386,-0.003395,0.319497,0.624089,0.136174,-0.260558,0.000,0.000,0.500,0,0,0,0,0,0,0,0,0.078278,0
6.321,HOVER,-0.000763,-0.000734,0.454451,0.006323,-0.070935,0.329887,0.506681,0.106513,-0.032066,0.000,0.000,0.500,0,0,0,0,0,0,0,0,0.045561,0
6.423,HOVER,0.004418,-0.007964,0.478642,0.050781,-0.070866,0.237126,-0.023771,-0.016915,0.179613,0.000,0.000,0.500,0,0,0,0,0,0,0,0,0.023218,0
6.520,HOVER,0.007507,-0.009933,0.495749,0.031851,-0.020311,0.176399,-0.458433,0.086012,0.309349,0.000,0.000,0.500,0,0,0,0,0,0,0,0,0.013157,0
6.624,HOVER,0.007279,-0.008569,0.508659,-0.002195,0.013153,0.124480,-0.579137,0.187854,0.398072,0.000,0.000,0.500,0,0,0,0,0,0,0,0,0.014191,0
6.725,HOVER,0.008035,-0.009884,0.516439,0.007495,-0.013036,0.077112,-0.429001,0.125898,0.455098,0.000,0.000,0.500,0,0,0,0,0,0,0,0,0.020797,0
6.824,HOVER,0.020216,-0.006911,0.524780,0.123098,0.030048,0.084295,-0.209298,0.036696,0.442506,0.000,0.000,0.500,0,0,0,0,0,0,0,0,0.032719,0
6.924,HOVER,0.026155,-0.001128,0.528989,0.059145,0.057597,0.041911,0.016638,0.303250,0.403117,0.000,0.000,0.500,0,0,0,0,0,0,0,0,0.039060,0
7.020,HOVER,0.028404,0.003798,0.533688,0.023540,0.051548,0.049179,0.308455,0.422723,0.310582,0.000,0.000,0.500,0,0,0,0,0,0,0,0,0.044228,0
7.124,HOVER,0.028284,0.007567,0.540684,-0.001151,0.036221,0.067230,0.401234,0.424643,0.238468,0.000,0.000,0.500,0,0,0,0,0,0,0,0,0.050124,0
7.221,HOVER,0.029230,0.004825,0.544334,0.009730,-0.028210,0.037550,0.406162,0.294592,0.167736,0.000,0.000,0.500,0,0,0,0,0,0,0,0,0.053321,0
7.320,HOVER,0.028799,0.004021,0.547019,-0.004370,-0.008154,0.027259,0.266496,0.130010,0.121298,0.000,0.000,0.500,0,0,0,0,0,0,0,0,0.055284,0
7.423,HOVER,0.029889,-0.000167,0.546792,0.010551,-0.040552,-0.002191,0.122639,0.020114,0.084416,0.000,0.000,0.500,0,0,0,0,0,0,0,0,0.055524,0
7.521,HOVER,0.029946,-0.002869,0.545602,0.000583,-0.027631,-0.012170,-0.015794,-0.015660,0.093745,0.000,0.000,0.500,0,0,0,0,0,0,0,0,0.054631,0
7.624,HOVER,0.033290,-0.007676,0.548215,0.032377,-0.046542,0.025300,-0.244401,-0.098104,0.103438,0.000,0.000,0.500,0,0,0,0,0,0,0,0,0.059092,0
7.723,HOVER,0.032804,-0.007659,0.551246,-0.004890,0.000173,0.030502,-0.237099,-0.025419,0.101491,0.000,0.000,0.500,0,0,0,0,0,0,0,0,0.061327,0
7.820,HOVER,0.029555,-0.010403,0.552996,-0.033572,-0.028350,0.018083,-0.198837,-0.013961,0.132536,0.000,0.000,0.500,0,0,0,0,0,0,0,0,0.061566,0
7.923,HOVER,0.029908,-0.010321,0.554903,0.003415,0.000794,0.018463,-0.193405,-0.088817,0.195548,0.000,0.000,0.500,0,0,0,0,0,0,0,0,0.063367,0
8.021,HOVER,0.030116,-0.005046,0.555262,0.002128,0.053923,0.003672,-0.153651,-0.082202,0.289498,0.000,0.000,0.500,0,0,0,0,0,0,0,0,0.063138,0
8.119,CIRCLE,0.029316,-0.005672,0.554245,-0.008158,-0.006377,-0.010371,-1.636589,-0.035096,0.423205,0.000,0.000,0.500,0,0,0,0,0,0,0,0,0.061921,0
8.223,CIRCLE,0.026451,-0.005336,0.551395,-0.027627,0.003237,-0.027487,-5.450260,0.225800,0.575074,0.000,0.000,0.500,0,0,0,0,0,0,0,0,0.058048,0
8.322,CIRCLE,0.031540,0.007584,0.548840,0.051313,0.130279,-0.025769,-5.330155,0.286716,0.697185,0.000,0.000,0.500,0,0,0,0,0,0,0,0,0.058631,0
8.420,CIRCLE,0.029242,0.033684,0.543454,-0.023398,0.265723,-0.054830,-3.934100,0.447306,0.748177,0.000,0.000,0.500,0,0,0,0,0,0,0,0,0.062273,0
8.523,CIRCLE,0.028487,0.058307,0.543667,-0.007348,0.239747,0.002075,-2.332565,1.019130,0.693735,0.000,0.000,0.500,0,0,0,0,0,0,0,0,0.078218,0
8.623,CIRCLE,0.027117,0.084002,0.553743,-0.013755,0.257978,0.101168,-0.742412,1.019028,0.519385,0.000,0.000,0.500,0,0,0,0,0,0,0,0,0.103344,0
8.724,CIRCLE,0.023514,0.113458,0.566121,-0.035625,0.291263,0.122390,0.183202,1.223422,0.320793,0.000,0.000,0.500,0,0,0,0,0,0,0,0,0.133408,0
8.820,CIRCLE,0.016885,0.138261,0.573657,-0.068892,0.257756,0.078316,0.781019,1.175985,0.102690,0.000,0.000,0.500,0,0,0,0,0,0,0,0,0.157564,0
8.924,CIRCLE,0.012942,0.162189,0.569335,-0.037991,0.230538,-0.041641,0.622790,1.140473,-0.099558,0.000,0.000,0.500,0,0,0,0,0,0,0,0,0.176862,0
9.022,CIRCLE,0.003651,0.197204,0.559452,-0.094208,0.355053,-0.100214,0.628338,1.407040,-0.203766,0.000,0.000,0.500,0,0,0,0,0,0,0,0,0.206003,0
9.123,CIRCLE,-0.008993,0.224848,0.547610,-0.126264,0.276048,-0.118257,0.595042,1.291506,-0.273792,0.000,0.000,0.500,0,0,0,0,0,0,0,0,0.230009,0
9.219,CIRCLE,-0.017051,0.248622,0.536995,-0.083637,0.246748,-0.110166,0.529584,1.304802,-0.367116,0.000,0.000,0.500,0,0,0,0,0,0,0,0,0.251937,0
9.320,CIRCLE,-0.032770,0.263365,0.529687,-0.155372,0.145727,-0.072242,0.573372,1.298642,-0.441384,0.000,0.000,0.500,0,0,0,0,0,0,0,0,0.267051,0
9.419,CIRCLE,-0.047053,0.285403,0.525663,-0.144236,0.222550,-0.040627,0.147611,0.973064,-0.417962,0.000,0.000,0.500,0,0,0,0,0,0,0,0,0.290392,0
9.522,CIRCLE,-0.074118,0.301217,0.527802,-0.262077,0.153135,0.020711,0.255540,1.006356,-0.447989,0.000,0.000,0.500,0,0,0,0,0,0,0,0,0.311446,0
9.621,CIRCLE,-0.096412,0.319295,0.532303,-0.226136,0.183367,0.045656,0.098009,0.537903,-0.442546,0.000,0.000,0.500,0,0,0,0,0,0,0,0,0.335094,0
9.719,CIRCLE,-0.112243,0.332170,0.537074,-0.161093,0.131019,0.048546,0.265028,0.529379,-0.415825,0.000,0.000,0.500,0,0,0,0,0,0,0,0,0.352576,0
9.822,CIRCLE,-0.133826,0.353643,0.540948,-0.209673,0.208608,0.037630,0.352705,0.694553,-0.355882,0.000,0.000,0.500,0,0,0,0,0,0,0,0,0.380328,0
9.921,CIRCLE,-0.154999,0.367542,0.542238,-0.213982,0.140460,0.013045,0.401586,0.695266,-0.303775,0.000,0.000,0.500,0,0,0,0,0,0,0,0,0.401118,0
10.022,CIRCLE,-0.176017,0.379619,0.542440,-0.208354,0.119729,0.001997,0.730165,0.904493,-0.265366,0.000,0.000,0.500,0,0,0,0,0,0,0,0,0.420587,0
10.122,CIRCLE,-0.203289,0.394601,0.540655,-0.273107,0.150028,-0.017874,0.653207,0.915213,-0.188318,0.000,0.000,0.500,0,0,0,0,0,0,0,0,0.445745,0
10.220,CIRCLE,-0.229598,0.408480,0.540271,-0.267765,0.141259,-0.003905,0.925010,0.841510,-0.116633,0.000,0.000,0.500,0,0,0,0,0,0,0,0,0.470312,0
10.323,CIRCLE,-0.249597,0.420500,0.539507,-0.194549,0.116930,-0.007435,1.089307,0.741400,-0.129310,0.000,0.000,0.500,0,0,0,0,0,0,0,0,0.490591,0
10.420,CIRCLE,-0.277164,0.430775,0.541267,-0.282586,0.105328,0.018041,1.017900,0.672607,-0.202498,0.000,0.000,0.500,0,0,0,0,0,0,0,0,0.513897,0
10.521,CIRCLE,-0.308944,0.438000,0.539893,-0.317109,0.072091,-0.013710,1.196934,0.682602,-0.275108,0.000,0.000,0.500,0,0,0,0,0,0,0,0,0.537478,0
10.621,CIRCLE,-0.342407,0.444406,0.539550,-0.334248,0.063990,-0.003420,1.019781,0.414787,-0.194732,0.000,0.000,0.500,0,0,0,0,0,0,0,0,0.562409,0
10.722,CIRCLE,-0.367754,0.443323,0.539722,-0.250739,-0.010721,0.001694,1.103484,0.117581,-0.003160,0.000,0.000,0.500,0,0,0,0,0,0,0,0,0.577370,0
10.821,CIRCLE,-0.390251,0.444645,0.538340,-0.227404,0.013370,-0.013971,1.085854,0.167515,0.242194,0.000,0.000,0.500,0,0,0,0,0,0,0,0,0.592853,0
10.922,CIRCLE,-0.415445,0.447454,0.534586,-0.248923,0.027750,-0.037088,0.965816,0.273476,0.425372,0.000,0.000,0.500,0,0,0,0,0,0,0,0,0.611560,0
11.022,CIRCLE,-0.447430,0.445883,0.534819,-0.319519,-0.015697,0.002333,1.357255,0.449402,0.617061,0.000,0.000,0.500,0,0,0,0,0,0,0,0,0.632627,0
11.121,CIRCLE,-0.470505,0.447048,0.530296,-0.232367,0.011735,-0.045548,1.088693,0.275238,0.785931,0.000,0.000,0.500,0,0,0,0,0,0,0,0,0.649727,0
11.221,CIRCLE,-0.506324,0.443828,0.531496,-0.357901,-0.032169,0.011993,1.366993,0.089816,0.881738,0.000,0.000,0.500,0,0,0,0,0,0,0,0,0.674047,0
11.322,CIRCLE,-0.532486,0.437908,0.533916,-0.261440,-0.059159,0.024175,1.404603,-0.155215,0.899165,0.000,0.000,0.500,0,0,0,0,0,0,0,0,0.690258,0
11.422,CIRCLE,-0.563297,0.429800,0.534808,-0.307902,-0.081033,0.008916,1.266145,-0.317384,0.846436,0.000,0.000,0.500,0,0,0,0,0,0,0,0,0.709396,0
11.522,CIRCLE,-0.593835,0.422672,0.532264,-0.304797,-0.071142,-0.025385,1.370448,-0.405209,0.797572,0.000,0.000,0.500,0,0,0,0,0,0,0,0,0.729611,0
11.622,CIRCLE,-0.617584,0.411697,0.530338,-0.236242,-0.109169,-0.019160,1.172468,-0.395194,0.796538,0.000,0.000,0.500,0,0,0,0,0,0,0,0,0.742849,0
11.721,CIRCLE,-0.643295,0.398356,0.529080,-0.260340,-0.135090,-0.012742,1.264303,-0.456484,0.850512,0.000,0.000,0.500,0,0,0,0,0,0,0,0,0.757206,0
11.820,CIRCLE,-0.666131,0.376189,0.528313,-0.229983,-0.223239,-0.007726,1.196944,-0.544447,0.950319,0.000,0.000,0.500,0,0,0,0,0,0,0,0,0.765539,0
11.922,CIRCLE,-0.676540,0.370884,0.526462,-0.102631,-0.052305,-0.018245,0.872587,-0.517207,0.967261,0.000,0.000,0.500,0,0,0,0,0,0,0,0,0.771986,0
12.022,CIRCLE,-0.699914,0.363960,0.524830,-0.232688,-0.068929,-0.016251,1.266656,-0.544116,0.986293,0.000,0.000,0.500,0,0,0,0,0,0,0,0,0.789280,0
12.121,CIRCLE,-0.722634,0.342192,0.522889,-0.229920,-0.220288,-0.019635,1.328071,-0.400726,0.959125,0.000,0.000,0.500,0,0,0,0,0,0,0,0,0.799887,0
12.222,CIRCLE,-0.740459,0.329140,0.522499,-0.176680,-0.129371,-0.003873,1.475238,-0.580222,0.876864,0.000,0.000,0.500,0,0,0,0,0,0,0,0,0.810629,0
12.318,CIRCLE,-0.760717,0.306923,0.521492,-0.211182,-0.231606,-0.010500,1.489809,-0.530555,0.833995,0.000,0.000,0.500,0,0,0,0,0,0,0,0,0.820581,0
12.421,CIRCLE,-0.775171,0.285926,0.523871,-0.140614,-0.204267,0.023144,1.245890,-0.570040,0.770272,0.000,0.000,0.500,0,0,0,0,0,0,0,0,0.826567,0
12.518,CIRCLE,-0.783898,0.268231,0.527122,-0.089254,-0.180978,0.033253,0.839850,-0.943404,0.698067,0.000,0.000,0.500,0,0,0,0,0,0,0,0,0.828963,0
12.618,CIRCLE,-0.800269,0.236137,0.526643,-0.164627,-0.322737,-0.004819,0.566525,-0.780872,0.526366,0.000,0.000,0.500,0,0,0,0,0,0,0,0,0.834806,0
12.716,CIRCLE,-0.813810,0.204317,0.524274,-0.138287,-0.324952,-0.024187,0.456517,-0.876298,0.204284,0.000,0.000,0.500,0,0,0,0,0,0,0,0,0.839418,0
12.818,CIRCLE,-0.822116,0.179584,0.521890,-0.080899,-0.240918,-0.023222,0.640860,-0.591219,-0.300136,0.000,0.000,0.500,0,0,0,0,0,0,0,0,0.841786,0
12.918,CIRCLE,-0.833792,0.157916,0.522795,-0.117246,-0.217569,0.009087,0.416031,-0.612362,-0.792830,0.000,0.000,0.500,0,0,0,0,0,0,0,0,0.848921,0
13.018,CIRCLE,-0.840270,0.130071,0.523842,-0.064561,-0.277507,0.010433,0.547444,-1.137053,-1.043391,0.000,0.000,0.500,0,0,0,0,0,0,0,0,0.850612,0
13.120,CIRCLE,-0.849154,0.104834,0.523201,-0.087858,-0.249602,-0.006342,0.456188,-0.972338,-0.887017,0.000,0.000,0.500,0,0,0,0,0,0,0,0,0.855915,0
13.218,CIRCLE,-0.855015,0.074225,0.520403,-0.059782,-0.312196,-0.028537,0.586882,-1.244014,-0.609549,0.000,0.000,0.500,0,0,0,0,0,0,0,0,0.858473,0
13.321,CIRCLE,-0.863589,0.050874,0.519081,-0.082720,-0.225282,-0.012753,0.417516,-1.270743,-0.382156,0.000,0.000,0.500,0,0,0,0,0,0,0,0,0.865296,0
13.420,CIRCLE,-0.865622,0.010941,0.517432,-0.020570,-0.403954,-0.016676,0.299144,-1.419648,-0.225920,0.000,0.000,0.500,0,0,0,0,0,0,0,0,0.865867,0
13.521,CIRCLE,-0.867164,-0.018842,0.514461,-0.015325,-0.295991,-0.029529,-0.094612,-1.536046,-0.165246,0.000,0.000,0.500,0,0,0,0,0,0,0,0,0.867490,0
13.621,CIRCLE,-0.866627,-0.047384,0.514788,0.005364,-0.284709,0.003266,-0.249304,-1.268352,-0.139064,0.000,0.000,0.500,0,0,0,0,0,0,0,0,0.868047,0
13.718,CIRCLE,-0.865000,-0.074690,0.513069,0.016674,-0.279908,-0.017623,-0.103156,-1.406302,-0.112400,0.000,0.000,0.500,0,0,0,0,0,0,0,0,0.868317,0
13.817,CIRCLE,-0.861328,-0.097611,0.515015,0.037450,-0.233761,0.019839,-0.118428,-1.376423,-0.117801,0.000,0.000,0.500,0,0,0,0,0,0,0,0,0.866971,0
13.915,CIRCLE,-0.857852,-0.116865,0.515141,0.035128,-0.194605,0.001273,0.008056,-1.299494,-0.135824,0.000,0.000,0.500,0,0,0,0,0,0,0,0,0.865908,0
14.020,CIRCLE,-0.850233,-0.140666,0.513527,0.072656,-0.226948,-0.015384,-0.064705,-1.555572,-0.399817,0.000,0.000,0.500,0,0,0,0,0,0,0,0,0.861897,0
14.117,CIRCLE,-0.840867,-0.171113,0.512362,0.096512,-0.313739,-0.012002,0.230447,-1.281537,-0.564742,0.000,0.000,0.500,0,0,0,0,0,0,0,0,0.858190,0
14.219,CIRCLE,-0.832704,-0.190004,0.513807,0.080507,-0.186319,0.014246,0.458902,-0.774574,-0.655580,0.000,0.000,0.500,0,0,0,0,0,0,0,0,0.854218,0
14.317,CIRCLE,-0.819390,-0.211924,0.510509,0.135360,-0.222849,-0.033525,0.009909,-0.776434,-0.587705,0.000,0.000,0.500,0,0,0,0,0,0,0,0,0.846417,0
14.416,CIRCLE,-0.810831,-0.234288,0.505611,0.086370,-0.225678,-0.049432,0.527251,-0.794805,-0.557269,0.000,0.000,0.500,0,0,0,0,0,0,0,0,0.844020,0
14.516,CIRCLE,-0.802102,-0.255356,0.500068,0.087773,-0.211848,-0.055735,-0.693531,-1.348048,-0.235103,0.000,0.000,0.500,0,0,0,0,0,0,0,0,0.841768,0
14.619,CIRCLE,-0.788614,-0.279511,0.498107,0.130150,-0.233076,-0.018916,-0.712182,-1.505779,0.330479,0.000,0.000,0.500,0,0,0,0,0,0,0,0,0.836685,0
14.717,CIRCLE,-0.780236,-0.313572,0.501505,0.085906,-0.349259,0.034843,-2.813928,-0.409257,0.248946,0.000,0.000,0.500,0,0,0,0,0,0,0,0,0.840891,0
14.819,CIRCLE,-0.775692,-0.328342,0.501959,0.044344,-0.144127,0.004426,-1.677817,-1.823895,-1.802821,0.000,0.000,0.500,0,0,0,0,0,0,0,0,0.842324,0
14.920,CIRCLE,-0.763194,-0.348039,0.505575,0.124264,-0.195843,0.035950,0.908877,0.665289,-4.720503,0.000,0.000,0.500,0,0,0,0,0,0,0,0,0.838825,0
15.019,CIRCLE,-0.758350,-0.356047,0.508677,0.048773,-0.080639,0.031238,-0.578433,-0.918125,-6.278950,0.000,0.000,0.500,0,0,0,0,0,0,0,0,0.837818,0
15.118,CIRCLE,-0.744625,-0.381731,0.510036,0.139427,-0.260907,0.013802,0.257416,-3.408990,-7.050535,0.000,0.000,0.500,0,0,0,0,0,0,0,0,0.836830,0
15.219,CIRCLE,-0.750880,-0.405868,0.515618,-0.061554,-0.237518,0.054935,-3.162563,0.252192,-7.614390,0.000,0.000,0.500,0,0,0,0,0,0,0,0,0.853694,0
15.315,CIRCLE,-0.743796,-0.429364,0.523124,0.073676,-0.244373,0.078066,1.373066,-3.123022,-7.472508,0.000,0.000,0.500,0,0,0,0,0,0,0,0,0.859139,0
15.420,CIRCLE,-0.743354,-0.442137,0.531025,0.004216,-0.121637,0.075239,-4.938902,-1.200971,-6.237889,0.000,0.000,0.500,0,0,0,0,0,0,0,0,0.865461,0
15.519,CIRCLE,-0.734209,-0.463379,0.538693,0.092608,-0.215117,0.077659,-1.390944,-4.465850,-8.763795,0.000,0.000,0.500,0,0,0,0,0,0,0,0,0.869068,0
15.618,CIRCLE,-0.726200,-0.472783,0.540618,0.081242,-0.095393,0.019522,-0.424814,-1.437105,-7.750965,0.000,0.000,0.500,0,0,0,0,0,0,0,0,0.867490,0
15.717,CIRCLE,-0.732207,-0.483610,0.540261,-0.060321,-0.108718,-0.003585,-4.249467,-2.589376,-2.807066,0.000,0.000,0.500,0,0,0,0,0,0,0,0,0.878423,0
15.816,CIRCLE,-0.718537,-0.493181,0.537259,0.138808,-0.097189,-0.030479,0.288504,-4.026119,0.100875,0.000,0.000,0.500,0,0,0,0,0,0,0,0,0.872302,0
15.918,CIRCLE,-0.710755,-0.495077,0.534709,0.076021,-0.018517,-0.024912,-4.582404,1.083917,2.960910,0.000,0.000,0.500,0,0,0,0,0,0,0,0,0.866878,0
16.017,CIRCLE,-0.714906,-0.488307,0.531625,-0.042096,0.068655,-0.031275,-1.734741,-2.054976,4.386601,0.000,0.000,0.500,0,0,0,0,0,0,0,0,0.866333,0
16.121,CIRCLE,-0.688147,-0.492803,0.530274,0.256026,-0.043020,-0.012923,-1.504542,-3.376506,5.071865,0.000,0.000,0.500,0,0,0,0,0,0,0,0,0.846946,0
16.219,CIRCLE,-0.678793,-0.479971,0.529155,0.095634,0.131178,-0.011439,-3.926819,0.937945,5.594903,0.000,0.000,0.500,0,0,0,0,0,0,0,0,0.831854,0
16.318,CIRCLE,-0.674183,-0.461931,0.525178,0.046575,0.182293,-0.040190,1.196130,-3.241521,6.806993,0.000,0.000,0.500,0,0,0,0,0,0,0,0,0.817641,0
16.417,CIRCLE,-0.669906,-0.447447,0.523972,0.043278,0.146544,-0.012205,0.235272,0.481375,8.120427,0.000,0.000,0.500,0,0,0,0,0,0,0,0,0.805952,0
16.516,CIRCLE,-0.662496,-0.432982,0.522290,0.074684,0.145788,-0.016953,-2.825855,-1.533673,8.215876,0.000,0.000,0.500,0,0,0,0,0,0,0,0,0.791752,0
16.616,CIRCLE,-0.654021,-0.420290,0.520011,0.084505,0.126562,-0.022722,2.814619,-0.587771,4.816387,0.000,0.000,0.500,0,0,0,0,0,0,0,0,0.777681,0
16.716,CIRCLE,-0.650556,-0.409557,0.521375,0.034898,0.108085,0.013733,-1.644608,-1.727036,0.563108,0.000,0.000,0.500,0,0,0,0,0,0,0,0,0.769036,0
16.819,CIRCLE,-0.645343,-0.391160,0.524111,0.050564,0.178451,0.026540,2.138612,-2.641091,-4.411052,0.000,0.000,0.500,0,0,0,0,0,0,0,0,0.755020,0
16.920,CIRCLE,-0.638681,-0.380921,0.519656,0.066087,0.101562,-0.044184,-1.413913,-3.209341,-7.053923,0.000,0.000,0.500,0,0,0,0,0,0,0,0,0.743909,0
17.018,CIRCLE,-0.629271,-0.371604,0.514191,0.095669,0.094733,-0.055571,0.867322,-3.646939,-9.449646,0.000,0.000,0.500,0,0,0,0,0,0,0,0,0.730939,0
17.114,CIRCLE,-0.613910,-0.361305,0.510765,0.160116,0.107347,-0.035711,-2.782308,-0.261355,-9.434576,0.000,0.000,0.500,0,0,0,0,0,0,0,0,0.712420,0
17.219,CIRCLE,-0.586060,-0.343472,0.503535,0.265340,0.169902,-0.068882,-0.995451,0.032876,-9.625905,0.000,0.000,0.500,0,0,0,0,0,0,0,0,0.679303,0
17.316,CIRCLE,-0.573042,-0.333977,0.500092,0.134308,0.097960,-0.035520,-0.489799,0.873720,-10.067467,0.000,0.000,0.500,0,0,0,0,0,0,0,0,0.663263,0
17.414,CIRCLE,-0.549083,-0.325110,0.489335,0.244547,0.090508,-0.109797,-1.442078,1.085128,-8.795101,0.000,0.000,0.500,0,0,0,0,0,0,0,0,0.638202,0
17.517,CIRCLE,-0.519217,-0.310938,0.481910,0.288902,0.137093,-0.071828,-0.738786,1.304389,-6.839647,0.000,0.000,0.500,0,0,0,0,0,0,0,0,0.605472,0
17.614,CIRCLE,-0.503953,-0.300539,0.478611,0.157006,0.106959,-0.033929,-2.764177,1.732340,-4.119887,0.000,0.000,0.500,0,0,0,0,0,0,0,0,0.587154,0
17.718,CIRCLE,-0.476955,-0.284437,0.477946,0.261647,0.156044,-0.006448,0.251031,1.157764,-3.158884,0.000,0.000,0.500,0,0,0,0,0,0,0,0,0.555767,0
17.817,CIRCLE,-0.452033,-0.280261,0.474167,0.251813,0.042199,-0.038182,-1.794890,2.416599,-2.238951,0.000,0.000,0.500,0,0,0,0,0,0,0,0,0.532492,0
17.915,CIRCLE,-0.427993,-0.267739,0.477054,0.245437,0.127838,0.029479,-1.818483,0.914759,-1.121015,0.000,0.000,0.500,0,0,0,0,0,0,0,0,0.505360,0
18.017,CIRCLE,-0.402888,-0.251628,0.479285,0.245710,0.157681,0.021832,-2.941322,0.988678,0.610856,0.000,0.000,0.500,0,0,0,0,0,0,0,0,0.475462,0
18.118,RETURN,-0.375771,-0.238557,0.483273,0.267934,0.129154,0.039399,-2.689730,1.227160,1.965264,0.000,0.000,0.500,0,0,0,0,0,0,0,0,0.445414,0
18.215,RETURN,-0.343396,-0.220503,0.491312,0.332171,0.185241,0.082489,-1.520137,-4.369377,2.905265,0.000,0.000,0.500,0,0,0,0,0,0,0,0,0.408188,0
18.318,RETURN,-0.314199,-0.199398,0.496942,0.283745,0.205097,0.054707,-1.016675,-3.269556,3.917520,0.000,0.000,0.500,0,0,0,0,0,0,0,0,0.372142,0
18.417,RETURN,-0.275003,-0.172329,0.498340,0.396747,0.274000,0.014154,-0.218328,-2.301557,4.365894,0.000,0.000,0.500,0,0,0,0,0,0,0,0,0.324541,0
18.516,RETURN,-0.228043,-0.152724,0.499190,0.475038,0.198323,0.008604,0.507580,0.060359,4.198858,0.000,0.000,0.500,0,0,0,0,0,0,0,0,0.274461,0
18.615,RETURN,-0.181095,-0.126446,0.501570,0.474535,0.265601,0.024051,1.239501,2.344443,3.714133,0.000,0.000,0.500,0,0,0,0,0,0,0,0,0.220877,0
18.718,RETURN,-0.136752,-0.101851,0.498475,0.431134,0.239132,-0.030093,1.490276,3.807039,3.607614,0.000,0.000,0.500,0,0,0,0,0,0,0,0,0.170520,0
18.813,RETURN,-0.100686,-0.074789,0.491306,0.377896,0.283551,-0.075116,1.560204,4.371903,3.821351,0.000,0.000,0.500,0,0,0,0,0,0,0,0,0.125724,0
18.917,RETURN,-0.067809,-0.057293,0.485038,0.315480,0.167888,-0.060147,1.905267,4.566481,3.970725,0.000,0.000,0.500,0,0,0,0,0,0,0,0,0.090024,0
19.015,RETURN,-0.039467,-0.042202,0.495197,0.290396,0.154629,0.104094,2.014715,4.124226,3.964355,0.000,0.000,0.500,0,0,0,0,0,0,0,0,0.057981,0
19.113,RETURN,-0.020503,-0.027054,0.512966,0.192888,0.154074,0.180732,1.743174,3.435780,3.956956,0.000,0.000,0.500,0,0,0,0,0,0,0,0,0.036338,0
19.216,RETURN,-0.001230,-0.014692,0.532305,0.187334,0.120156,0.187970,1.688194,2.739186,4.025791,0.000,0.000,0.500,0,0,0,0,0,0,0,0,0.035510,0
19.317,RETURN,0.007993,-0.005437,0.541015,0.091836,0.092162,0.086732,1.518743,2.033225,4.210355,0.000,0.000,0.500,0,0,0,0,0,0,0,0,0.042138,0
19.415,RETURN,0.022233,0.000837,0.539675,0.144775,0.063788,-0.013615,1.193879,1.688276,4.240531,0.000,0.000,0.500,0,0,0,0,0,0,0,0,0.045488,0
19.517,RETURN,0.037484,0.009410,0.528551,0.148854,0.083671,-0.108577,1.010461,1.593810,3.849611,0.000,0.000,0.500,0,0,0,0,0,0,0,0,0.048050,0
19.614,RETURN,0.045668,0.018776,0.517859,0.084326,0.096511,-0.110174,0.829220,1.792257,3.413857,0.000,0.000,0.500,0,0,0,0,0,0,0,0,0.052507,0
19.717,RETURN,0.057095,0.026255,0.506167,0.111128,0.072728,-0.113698,0.681582,1.277190,3.141088,0.000,0.000,0.500,0,0,0,0,0,0,0,0,0.063145,0
19.817,RETURN,0.064027,0.032078,0.500529,0.069641,0.058502,-0.056645,0.336862,0.951412,3.144814,0.000,0.000,0.500,0,0,0,0,0,0,0,0,0.071615,0
19.916,RETURN,0.066173,0.039779,0.493833,0.021692,0.077838,-0.067683,0.213174,0.545029,3.251868,0.000,0.000,0.500,0,0,0,0,0,0,0,0,0.077455,0
20.015,RETURN,0.071255,0.054226,0.492258,0.051048,0.145121,-0.015816,0.304734,0.140289,3.234301,0.000,0.000,0.500,0,0,0,0,0,0,0,0,0.089876,0
20.117,RETURN,0.077934,0.059888,0.492086,0.065993,0.055947,-0.001704,0.513138,0.013625,3.022496,0.000,0.000,0.500,0,0,0,0,0,0,0,0,0.098605,0
20.216,RETURN,0.086781,0.073211,0.494090,0.089314,0.134498,0.020240,0.809917,0.329479,3.114169,0.000,0.000,0.500,0,0,0,0,0,0,0,0,0.113692,0
20.314,RETURN,0.091753,0.073662,0.498653,0.050599,0.004588,0.046436,1.208929,0.428311,3.913759,0.000,0.000,0.500,0,0,0,0,0,0,0,0,0.117671,0
20.417,RETURN,0.107361,0.082284,0.502232,0.150715,0.083250,0.034559,0.660442,0.249605,4.888881,0.000,0.000,0.500,0,0,0,0,0,0,0,0,0.135285,0
20.517,RETURN,0.121868,0.085030,0.506353,0.145115,0.027468,0.041218,1.012731,0.703339,5.492595,0.000,0.000,0.500,0,0,0,0,0,0,0,0,0.148736,0
20.613,RETURN,0.125847,0.081751,0.505044,0.041706,-0.034374,-0.013721,0.252516,1.067855,6.000257,0.000,0.000,0.500,0,0,0,0,0,0,0,0,0.150153,0
20.717,RETURN,0.130886,0.077537,0.504136,0.048315,-0.040407,-0.008704,-0.171112,0.783063,6.084134,0.000,0.000,0.500,0,0,0,0,0,0,0,0,0.152185,0
20.815,RETURN,0.134710,0.076000,0.498980,0.039083,-0.015698,-0.052688,-0.571663,0.136058,5.694822,0.000,0.000,0.500,0,0,0,0,0,0,0,0,0.154674,0
20.915,RETURN,0.144435,0.082390,0.495558,0.097595,0.064126,-0.034342,-0.886767,0.319949,5.837009,0.000,0.000,0.500,0,0,0,0,0,0,0,0,0.166341,0
21.017,RETURN,0.151339,0.093784,0.491411,0.067698,0.111719,-0.040663,-0.372943,0.729702,6.330062,0.000,0.000,0.500,0,0,0,0,0,0,0,0,0.178249,0
21.114,RETURN,0.160828,0.108541,0.486735,0.097084,0.150989,-0.047843,-0.145944,1.363256,6.324281,0.000,0.000,0.500,0,0,0,0,0,0,0,0,0.194481,0
21.213,RETURN,0.158395,0.117590,0.473575,-0.024655,0.091705,-0.133373,0.492842,0.804936,6.033067,0.000,0.000,0.500,0,0,0,0,0,0,0,0,0.199035,0
21.315,RETURN,0.156557,0.138367,0.460832,-0.017932,0.202665,-0.124303,1.229265,0.220374,5.580027,0.000,0.000,0.500,0,0,0,0,0,0,0,0,0.212579,0
21.414,RETURN,0.159215,0.142418,0.445487,0.027047,0.041230,-0.156162,1.294759,-0.483029,4.688485,0.000,0.000,0.500,0,0,0,0,0,0,0,0,0.220463,0
21.513,RETURN,0.156551,0.143775,0.427347,-0.026824,0.013656,-0.182647,0.811897,-0.597783,3.705178,0.000,0.000,0.500,0,0,0,0,0,0,0,0,0.224628,0
21.615,RETURN,0.157898,0.141906,0.404872,0.013211,-0.018331,-0.220442,0.655713,-0.278266,2.622040,0.000,0.000,0.500,0,0,0,0,0,0,0,0,0.232633,0
21.716,RETURN,0.155677,0.163541,0.381943,-0.022007,0.214405,-0.227228,0.809816,0.490833,1.290677,0.000,0.000,0.500,0,0,0,0,0,0,0,0,0.254791,0
21.815,RETURN,0.156171,0.162677,0.358216,0.004994,-0.008727,-0.239709,0.614771,0.105579,0.437933,0.000,0.000,0.500,0,0,0,0,0,0,0,0,0.266376,0
21.915,RETURN,0.147313,0.168593,0.332979,-0.088580,0.059159,-0.252380,0.030437,-0.034702,0.661080,0.000,0.000,0.500,0,0,0,0,0,0,0,0,0.279322,0
22.016,RETURN,0.137919,0.171805,0.308834,-0.093154,0.031852,-0.239415,-0.271905,-0.322282,1.505709,0.000,0.000,0.500,0,0,0,0,0,0,0,0,0.291690,0
22.112,RETURN,0.140662,0.176573,0.287609,0.028481,0.049491,-0.220331,-0.939439,-0.196688,2.069885,0.000,0.000,0.500,0,0,0,0,0,0,0,0,0.309958,0
22.215,RETURN,0.142235,0.188090,0.264111,0.015290,0.111992,-0.228499,-0.350086,-0.345828,2.922511,0.000,0.000,0.500,0,0,0,0,0,0,0,0,0.333545,0
22.313,RETURN,0.155563,0.192221,0.241921,0.136101,0.042184,-0.226598,0.174986,-0.419081,3.119247,0.000,0.000,0.500,0,0,0,0,0,0,0,0,0.357426,0
22.415,RETURN,0.170043,0.199350,0.215707,0.141270,0.069553,-0.255743,0.483844,0.308353,2.902050,0.000,0.000,0.500,0,0,0,0,0,0,0,0,0.386623,0
22.515,RETURN,0.182960,0.205512,0.188761,0.129201,0.061634,-0.269534,1.115835,0.862829,2.676424,0.000,0.000,0.500,0,0,0,0,0,0,0,0,0.415426,0
22.613,RETURN,0.192965,0.209344,0.168881,0.101966,0.039056,-0.202591,2.038596,1.317388,3.164118,0.000,0.000,0.500,0,0,0,0,0,0,0,0,0.436692,0
22.715,RETURN,0.200522,0.210730,0.152111,0.074606,0.013680,-0.165558,1.182224,1.975799,5.033062,0.000,0.000,0.500,0,0,0,0,0,0,0,0,0.453479,0
22.813,RETURN,0.204809,0.208931,0.136295,0.043784,-0.018367,-0.161522,0.691179,2.430956,7.429766,0.000,0.000,0.500,0,0,0,0,0,0,0,0,0.466777,0
22.915,RETURN,0.205276,0.205058,0.118271,0.004573,-0.037956,-0.176601,0.028272,1.455438,8.688090,0.000,0.000,0.500,0,0,0,0,0,0,0,0,0.479483,0
23.013,RETURN,0.203189,0.200516,0.107541,-0.021145,-0.045999,-0.108685,-0.029581,0.500049,9.174697,0.000,0.000,0.500,0,0,0,0,0,0,0,0,0.485300,0
